2011,AFG,Afghanistan,South Asia,Low income,9%,15%,2%,3%,6%,11%,5%,30%,1%,14%,,12%,0%,4%,8%,17%,13%,7%,10%,39%,38%,22%,21%,27%,32%,31%,28%,40%,23%,29%,37%,20%,26%,25%,36%,data_country,data_year
2014,AFG,Afghanistan,South Asia,Low income,4%,5%,2%,0%,3%,6%,3%,,2%,13%,0%,3%,1%,5%,2%,5%,5%,3%,6%,,26%,18%,,20%,24%,,27%,20%,24%,,,,,,,,
2017,AFG,Afghanistan,South Asia,Low income,3%,8%,3%,1%,,,3%,,1%,15%,1%,,1%,1%,,,,3%,4%,,29%,22%,,25%,27%,,24%,29%,24%,,,,,,,,
2011,AGO,Angola,Sub-Saharan Africa (excluding high income),Lower middle income,,34%,26%,27%,,4%,8%,9%,,,,,12%,17%,6%,5%,4%,7%,9%,8%,31%,20%,8%,25%,27%,10%,31%,,,8%,9%,9%,6%,,,,
2014,AGO,Angola,Sub-Saharan Africa (excluding high income),Lower middle income,4%,59%,12%,8%,2%,3%,1%,,6%,40%,,1%,2%,10%,1%,2%,2%,1%,4%,,25%,7%,,14%,24%,,23%,19%,20%,,,,,,,,
2011,ALB,Albania,Europe & Central Asia (excluding high income),Upper middle income,6%,28%,18%,10%,1%,2%,9%,1%,14%,35%,,4%,9%,13%,2%,3%,3%,8%,9%,2%,13%,8%,2%,8%,12%,1%,10%,13%,9%,1%,1%,1%,2%,2%,1%,,
2014,ALB,Albania,Europe & Central Asia (excluding high income),Upper middle income,11%,40%,15%,8%,6%,7%,10%,,9%,47%,,9%,4%,11%,8%,6%,8%,10%,12%,,46%,42%,,42%,45%,,40%,58%,35%,,,,,,,,
2017,ALB,Albania,Europe & Central Asia (excluding high income),Upper middle income,11%,44%,18%,14%,,,8%,,12%,50%,2%,,5%,13%,,,,7%,12%,,25%,23%,,24%,25%,,21%,31%,20%,,,,,,,,
2011,ARB,Arab world,,,5%,22%,6%,7%,12%,10%,4%,,7%,26%,,14%,2%,9%,15%,14%,15%,3%,6%,,33%,28%,,26%,32%,,27%,33%,28%,,,,,,,,
2014,ARB,Arab world,,,7%,29%,11%,10%,13%,12%,5%,,7%,34%,,14%,2%,8%,15%,14%,16%,5%,9%,,33%,26%,,26%,31%,,28%,32%,27%,,,,,,,,
2017,ARB,Arab world,,,6%,39%,19%,16%,,,5%,,6%,43%,,,2%,9%,,,,3%,8%,,32%,22%,,23%,29%,,28%,29%,26%,,,,,,,,
2011,ARE,United Arab Emirates,High income,High income,12%,57%,67%,39%,7%,7%,19%,1%,35%,65%,,8%,5%,32%,10%,9%,8%,13%,15%,4%,25%,22%,0%,25%,23%,4%,24%,32%,18%,0%,5%,2%,1%,4%,2%,,
2014,ARE,United Arab Emirates,High income,High income,19%,78%,77%,51%,16%,15%,16%,,44%,87%,16%,13%,34%,38%,19%,17%,16%,14%,18%,,30%,22%,,25%,29%,,29%,34%,25%,,,,,,,,
2017,ARE,United Arab Emirates,High income,High income,22%,83%,74%,73%,,,17%,,55%,91%,14%,,33%,46%,,,,19%,21%,,27%,20%,,28%,25%,,25%,29%,23%,,,,,,,,
2011,ARG,Argentina,Latin America & Caribbean (excluding high income),Upper middle income,8%,35%,38%,24%,5%,4%,10%,0%,30%,42%,,2%,26%,29%,4%,4%,5%,7%,7%,0%,9%,5%,1%,7%,7%,0%,9%,8%,6%,1%,0%,0%,0%,1%,0%,,
2014,ARG,Argentina,Latin America & Caribbean (excluding high income),Upper middle income,12%,44%,45%,45%,8%,9%,8%,,35%,54%,0%,6%,25%,32%,4%,7%,10%,5%,10%,,7%,4%,,6%,6%,,8%,6%,6%,,,,,,,,
2017,ARG,Argentina,Latin America & Caribbean (excluding high income),Upper middle income,9%,43%,41%,39%,,,8%,,30%,55%,1%,,22%,30%,,,,7%,7%,,19%,9%,,26%,13%,,21%,15%,16%,,,,,,,,
2011,ARM,Armenia,Europe & Central Asia (excluding high income),Lower middle income,17%,6%,3%,2%,21%,26%,22%,2%,3%,19%,,31%,2%,2%,22%,24%,23%,9%,23%,4%,35%,30%,6%,28%,34%,7%,32%,38%,29%,6%,5%,6%,2%,4%,8%,,
2014,ARM,Armenia,Europe & Central Asia (excluding high income),Lower middle income,20%,9%,6%,4%,20%,22%,23%,,6%,21%,1%,23%,3%,6%,18%,20%,23%,15%,26%,,32%,21%,,23%,28%,,28%,30%,25%,,,,,,,,
2017,ARM,Armenia,Europe & Central Asia (excluding high income),Lower middle income,30%,26%,23%,21%,,,28%,,10%,53%,11%,,7%,8%,,,,36%,35%,,35%,22%,,31%,28%,,29%,27%,30%,,,,,,,,
2011,AUS,Australia,High income,High income,18%,79%,84%,83%,25%,24%,18%,,70%,100%,,21%,65%,65%,11%,26%,27%,8%,22%,,14%,10%,,37%,8%,,13%,14%,12%,,,,,,,,
2014,AUS,Australia,High income,High income,23%,90%,88%,71%,8%,10%,25%,,68%,98%,,12%,52%,60%,6%,10%,12%,15%,29%,,17%,16%,,42%,12%,,18%,23%,13%,,,,,,,,
2017,AUS,Australia,High income,High income,23%,91%,86%,71%,,,23%,,68%,100%,,,55%,60%,,,,1%,27%,,12%,15%,,41%,9%,,13%,16%,11%,,,,,,,,
2011,AUT,Austria,High income,High income,9%,88%,89%,69%,7%,5%,10%,,49%,99%,,6%,34%,40%,11%,8%,9%,0%,11%,,7%,4%,,22%,4%,,6%,7%,5%,,,,,,,,
2014,AUT,Austria,High income,High income,12%,82%,81%,76%,6%,7%,14%,,47%,97%,,10%,41%,40%,9%,9%,9%,2%,17%,,17%,12%,,29%,13%,,15%,20%,11%,,,,,,,,
2017,AUT,Austria,High income,High income,14%,91%,94%,85%,,,15%,,52%,98%,,,44%,48%,,,,2%,17%,,15%,12%,,24%,13%,,14%,18%,12%,,,,,,,,
2011,AZE,Azerbaijan,Europe & Central Asia (excluding high income),Upper middle income,20%,12%,9%,5%,19%,17%,18%,2%,3%,19%,,22%,2%,3%,33%,18%,22%,12%,19%,3%,29%,24%,3%,22%,29%,3%,29%,25%,28%,2%,3%,3%,2%,3%,2%,,
2014,AZE,Azerbaijan,Europe & Central Asia (excluding high income),Upper middle income,21%,18%,12%,5%,12%,12%,21%,,12%,32%,,9%,4%,10%,5%,12%,14%,5%,27%,,40%,22%,,22%,38%,,35%,33%,33%,,,,,,,,
2017,AZE,Azerbaijan,Europe & Central Asia (excluding high income),Upper middle income,15%,25%,18%,20%,,,11%,,7%,35%,,,3%,6%,,,,10%,16%,,45%,34%,,20%,49%,,42%,42%,41%,,,,,,,,
2011,BDI,Burundi,Sub-Saharan Africa (excluding high income),Low income,2%,4%,1%,1%,6%,9%,2%,5%,1%,10%,,4%,1%,2%,5%,5%,6%,1%,2%,4%,44%,43%,5%,36%,48%,5%,46%,43%,45%,5%,4%,5%,4%,5%,5%,,
2014,BDI,Burundi,Sub-Saharan Africa (excluding high income),Low income,2%,4%,1%,1%,15%,11%,1%,,0%,11%,1%,12%,0%,1%,14%,12%,16%,1%,2%,,50%,39%,,30%,56%,,39%,45%,47%,,,,,,,,
2011,BEL,Belgium,High income,High income,9%,89%,87%,64%,3%,3%,10%,,60%,98%,,2%,52%,57%,1%,3%,3%,9%,14%,,5%,6%,,21%,3%,,6%,7%,4%,,,,,,,,
2014,BEL,Belgium,High income,High income,14%,93%,95%,94%,4%,4%,17%,,47%,98%,,4%,42%,45%,2%,3%,5%,10%,22%,,14%,10%,,37%,7%,,12%,17%,9%,,,,,,,,
2017,BEL,Belgium,High income,High income,15%,95%,95%,89%,,,17%,,52%,98%,,,50%,52%,,,,8%,22%,,10%,8%,,24%,7%,,9%,12%,8%,,,,,,,,
2011,BEN,Benin,Sub-Saharan Africa (excluding high income),Low income,5%,3%,1%,0%,1%,1%,4%,5%,1%,15%,,0%,0%,1%,0%,0%,0%,4%,5%,5%,34%,27%,3%,29%,34%,6%,34%,30%,34%,4%,5%,4%,3%,5%,4%,,
2014,BEN,Benin,Sub-Saharan Africa (excluding high income),Low income,9%,15%,3%,2%,4%,6%,6%,,2%,20%,1%,1%,1%,4%,2%,4%,4%,8%,9%,,27%,17%,,23%,25%,,21%,25%,24%,,,,,,,,
2017,BEN,Benin,Sub-Saharan Africa (excluding high income),Low income,8%,16%,9%,7%,,,10%,,5%,35%,16%,,6%,5%,,,,9%,11%,,26%,16%,,26%,22%,,25%,22%,24%,,,,,,,,
2011,BFA,Burkina Faso,Sub-Saharan Africa (excluding high income),Low income,4%,12%,1%,1%,3%,1%,3%,8%,1%,18%,,1%,0%,3%,2%,2%,2%,3%,4%,8%,33%,24%,5%,35%,29%,7%,32%,29%,33%,8%,9%,8%,10%,10%,4%,,
2014,BFA,Burkina Faso,Sub-Saharan Africa (excluding high income),Low income,7%,16%,4%,2%,5%,2%,5%,,4%,19%,3%,7%,3%,7%,7%,7%,7%,4%,6%,,32%,28%,,24%,34%,,21%,33%,29%,,,,,,,,
2017,BFA,Burkina Faso,Sub-Saharan Africa (excluding high income),Low income,12%,23%,11%,9%,,,9%,,6%,32%,31%,,5%,6%,,,,8%,10%,,37%,31%,,31%,38%,,33%,29%,38%,,,,,,,,
2011,BGD,Bangladesh,South Asia,Lower middle income,21%,4%,1%,0%,16%,14%,25%,3%,2%,40%,,12%,0%,2%,15%,17%,18%,25%,28%,2%,13%,8%,3%,8%,12%,3%,11%,8%,12%,2%,2%,3%,1%,2%,3%,,
2014,BGD,Bangladesh,South Asia,Lower middle income,9%,9%,4%,2%,26%,27%,10%,,1%,34%,2%,36%,0%,1%,34%,34%,38%,12%,13%,,30%,21%,,22%,26%,,24%,26%,25%,,,,,,,,
2017,BGD,Bangladesh,South Asia,Lower middle income,8%,10%,5%,1%,,,9%,,0%,46%,22%,,0%,0%,,,,12%,11%,,27%,16%,,20%,22%,,19%,24%,20%,,,,,,,,
2011,BGR,Bulgaria,Europe & Central Asia (excluding high income),Upper middle income,7%,61%,36%,19%,4%,4%,7%,1%,13%,63%,,11%,8%,15%,11%,5%,9%,6%,11%,1%,24%,18%,1%,20%,22%,1%,20%,28%,17%,1%,1%,1%,0%,1%,1%,,
2014,BGR,Bulgaria,Europe & Central Asia (excluding high income),Upper middle income,16%,69%,47%,26%,7%,6%,9%,,16%,72%,,4%,6%,18%,4%,6%,7%,1%,22%,,25%,14%,,18%,20%,,18%,29%,14%,,,,,,,,
2017,BGR,Bulgaria,Europe & Central Asia (excluding high income),Upper middle income,13%,82%,64%,39%,,,10%,,16%,84%,,,11%,17%,,,,7%,17%,,27%,21%,,30%,24%,,24%,30%,21%,,,,,,,,
2011,BHR,Bahrain,High income,High income,21%,63%,,61%,3%,3%,,3%,23%,63%,,3%,,24%,5%,3%,3%,18%,44%,5%,26%,16%,1%,17%,23%,4%,19%,28%,15%,,6%,1%,1%,4%,3%,,
2014,BHR,Bahrain,High income,High income,22%,75%,74%,68%,20%,20%,24%,,35%,83%,,21%,28%,29%,29%,22%,23%,19%,22%,,39%,30%,,30%,38%,,36%,40%,34%,,,,,,,,
2017,BHR,Bahrain,High income,High income,17%,81%,83%,68%,,,17%,,34%,87%,,,31%,32%,,,,22%,19%,,34%,30%,,37%,32%,,32%,41%,27%,,,,,,,,
2011,BIH,Bosnia and Herzegovina,Europe & Central Asia (excluding high income),Upper middle income,13%,46%,30%,13%,6%,8%,14%,1%,16%,65%,,7%,11%,17%,3%,4%,10%,10%,21%,2%,15%,16%,1%,21%,15%,2%,16%,22%,12%,2%,3%,2%,2%,3%,1%,,
2014,BIH,Bosnia and Herzegovina,Europe & Central Asia (excluding high income),Upper middle income,16%,43%,34%,22%,6%,6%,15%,,13%,61%,,3%,9%,13%,2%,5%,8%,11%,21%,,9%,5%,,5%,7%,,8%,9%,5%,,,,,,,,
2017,BIH,Bosnia and Herzegovina,Europe & Central Asia (excluding high income),Upper middle income,8%,52%,39%,19%,,,9%,,12%,66%,,,8%,13%,,,,9%,13%,,10%,5%,,2%,8%,,7%,10%,5%,,,,,,,,
2011,BLR,Belarus,Europe & Central Asia (excluding high income),Upper middle income,16%,58%,42%,11%,13%,15%,17%,0%,8%,64%,,14%,7%,9%,6%,13%,17%,6%,20%,1%,41%,32%,0%,47%,37%,1%,39%,47%,33%,1%,1%,1%,0%,1%,1%,,
2014,BLR,Belarus,Europe & Central Asia (excluding high income),Upper middle income,14%,44%,33%,19%,18%,20%,10%,,14%,76%,,19%,12%,15%,6%,19%,22%,10%,18%,,24%,12%,,26%,20%,,22%,27%,17%,,,,,,,,
2017,BLR,Belarus,Europe & Central Asia (excluding high income),Upper middle income,16%,80%,65%,19%,,,14%,,20%,86%,,,15%,22%,,,,1%,21%,,39%,26%,,38%,34%,,36%,40%,30%,,,,,,,,
2014,BLZ,Belize,Latin America & Caribbean (excluding high income),Upper middle income,15%,28%,20%,13%,6%,6%,11%,,12%,55%,,7%,11%,13%,6%,5%,6%,7%,15%,,34%,28%,,34%,30%,,35%,29%,33%,,,,,,,,
2011,BOL,Bolivia,Latin America & Caribbean (excluding high income),Lower middle income,19%,17%,6%,2%,2%,1%,14%,5%,6%,37%,,1%,2%,6%,1%,2%,2%,14%,21%,2%,9%,8%,2%,6%,9%,2%,8%,9%,8%,3%,2%,2%,2%,2%,2%,,
2014,BOL,Bolivia,Latin America & Caribbean (excluding high income),Lower middle income,25%,28%,14%,6%,4%,4%,20%,,9%,51%,3%,2%,4%,8%,1%,4%,4%,13%,25%,,15%,8%,,13%,13%,,15%,16%,11%,,,,,,,,
2017,BOL,Bolivia,Latin America & Caribbean (excluding high income),Lower middle income,19%,34%,24%,17%,,,19%,,9%,60%,7%,,7%,8%,,,,13%,19%,,29%,18%,,28%,26%,,30%,27%,27%,,,,,,,,
2011,BRA,Brazil,Latin America & Caribbean (excluding high income),Upper middle income,8%,54%,32%,27%,5%,5%,7%,3%,39%,68%,,2%,21%,41%,2%,4%,5%,6%,7%,1%,19%,10%,2%,22%,14%,2%,20%,17%,15%,1%,1%,2%,0%,2%,1%,,
2014,BRA,Brazil,Latin America & Caribbean (excluding high income),Upper middle income,16%,68%,54%,48%,7%,6%,12%,,40%,75%,0%,1%,28%,42%,3%,6%,6%,10%,12%,,7%,4%,,7%,6%,,6%,8%,5%,,,,,,,,
2017,BRA,Brazil,Latin America & Caribbean (excluding high income),Upper middle income,9%,65%,58%,51%,,,9%,,35%,79%,4%,,25%,33%,,,,5%,10%,,15%,11%,,17%,13%,,15%,16%,12%,,,,,,,,
2014,BTN,Bhutan,South Asia,Lower middle income,4%,36%,13%,11%,5%,6%,4%,,0%,39%,,7%,0%,1%,6%,7%,9%,4%,9%,,14%,8%,,7%,11%,,9%,13%,9%,,,,,,,,
2011,BWA,Botswana,Sub-Saharan Africa (excluding high income),Upper middle income,7%,23%,10%,6%,5%,4%,5%,1%,14%,41%,,6%,6%,16%,7%,6%,7%,3%,8%,2%,54%,36%,0%,43%,48%,3%,49%,46%,47%,2%,3%,1%,0%,2%,1%,,
2014,BWA,Botswana,Sub-Saharan Africa (excluding high income),Upper middle income,18%,47%,34%,10%,18%,19%,14%,,14%,62%,21%,8%,10%,14%,5%,14%,17%,7%,15%,,68%,48%,,68%,58%,,65%,58%,63%,,,,,,,,
2017,BWA,Botswana,Sub-Saharan Africa (excluding high income),Upper middle income,7%,34%,25%,17%,,,5%,,10%,55%,22%,,7%,10%,,,,4%,8%,,32%,16%,,29%,23%,,34%,15%,31%,,,,,,,,
2011,CAF,Central African Republic,Sub-Saharan Africa (excluding high income),Low income,1%,5%,0%,0%,2%,3%,0%,3%,1%,5%,,2%,0%,2%,2%,2%,3%,0%,1%,3%,21%,19%,2%,19%,21%,5%,26%,20%,21%,3%,4%,4%,1%,4%,2%,,
2017,CAF,Central African Republic,Sub-Saharan Africa (excluding high income),Low income,5%,11%,2%,2%,,,1%,,5%,17%,,,1%,6%,,,,3%,4%,,20%,17%,,17%,20%,,25%,16%,21%,,,,,,,,
2011,CAN,Canada,High income,High income,23%,91%,88%,75%,18%,16%,21%,,81%,97%,,10%,73%,78%,9%,16%,16%,7%,22%,,19%,8%,,47%,11%,,14%,23%,11%,,,,,,,,
2014,CAN,Canada,High income,High income,28%,95%,93%,81%,14%,14%,28%,,84%,100%,,12%,76%,79%,6%,15%,15%,0%,32%,,17%,17%,,41%,13%,,16%,27%,11%,,,,,,,,
2017,CAN,Canada,High income,High income,28%,97%,97%,79%,,,27%,,88%,100%,,,78%,83%,,,,0%,32%,,15%,12%,,45%,9%,,14%,20%,10%,,,,,,,,
2014,CHE,Switzerland,High income,High income,8%,90%,85%,68%,4%,5%,10%,,61%,97%,,6%,54%,61%,2%,3%,5%,4%,9%,,11%,11%,,27%,9%,,9%,15%,8%,,,,,,,,
2017,CHE,Switzerland,High income,High income,11%,89%,89%,88%,,,10%,,69%,99%,,,66%,74%,,,,9%,14%,,5%,5%,,11%,4%,,3%,7%,4%,,,,,,,,
2011,CHL,Chile,High income,High income,8%,33%,17%,11%,10%,10%,5%,0%,29%,50%,,6%,17%,29%,4%,8%,11%,7%,11%,1%,11%,7%,0%,14%,8%,1%,12%,6%,12%,0%,1%,1%,1%,1%,0%,,
2014,CHL,Chile,High income,High income,17%,63%,54%,25%,14%,14%,15%,,34%,69%,1%,11%,25%,32%,8%,11%,16%,15%,20%,,9%,3%,,5%,7%,,7%,4%,8%,,,,,,,,
2017,CHL,Chile,High income,High income,14%,68%,57%,34%,,,10%,,36%,79%,16%,,29%,35%,,,,10%,19%,,19%,9%,,22%,14%,,18%,15%,15%,,,,,,,,
2011,CHN,China,East Asia & Pacific (excluding high income),Upper middle income,7%,64%,35%,32%,2%,2%,7%,1%,12%,75%,,3%,4%,20%,2%,2%,3%,7%,8%,1%,27%,17%,0%,24%,25%,1%,23%,29%,22%,1%,1%,1%,1%,1%,1%,,
2014,CHN,China,East Asia & Pacific (excluding high income),Upper middle income,12%,65%,45%,39%,3%,5%,8%,,23%,83%,,2%,10%,34%,1%,2%,3%,7%,11%,,26%,20%,,28%,24%,,24%,28%,23%,,,,,,,,
2017,CHN,China,East Asia & Pacific (excluding high income),Upper middle income,10%,88%,63%,54%,,,9%,,29%,88%,,,17%,37%,,,,8%,10%,,29%,25%,,20%,30%,,21%,38%,22%,,,,,,,,
2014,CIV,Cote d'Ivoire,Sub-Saharan Africa (excluding high income),Lower middle income,3%,13%,5%,3%,4%,2%,2%,,2%,21%,22%,0%,1%,3%,3%,2%,3%,1%,2%,,40%,27%,,25%,41%,,39%,35%,36%,,,,,,,,
2017,CIV,Cote d'Ivoire,Sub-Saharan Africa (excluding high income),Lower middle income,3%,14%,5%,5%,,,2%,,2%,18%,31%,,1%,3%,,,,1%,3%,,28%,21%,,23%,26%,,28%,26%,25%,,,,,,,,
2011,CMR,Cameroon,Sub-Saharan Africa (excluding high income),Lower middle income,5%,4%,2%,1%,2%,1%,5%,4%,3%,16%,,3%,1%,4%,3%,3%,3%,5%,6%,5%,49%,37%,3%,38%,49%,6%,47%,44%,46%,4%,5%,3%,2%,5%,3%,,
2014,CMR,Cameroon,Sub-Saharan Africa (excluding high income),Lower middle income,3%,11%,4%,3%,6%,6%,2%,,1%,18%,1%,5%,0%,1%,5%,6%,7%,1%,3%,,47%,35%,,38%,44%,,43%,43%,42%,,,,,,,,
2017,CMR,Cameroon,Sub-Saharan Africa (excluding high income),Lower middle income,8%,14%,9%,9%,,,7%,,3%,31%,11%,,3%,3%,,,,6%,8%,,35%,27%,,30%,34%,,34%,34%,32%,,,,,,,,
2011,COD,"Congo, Dem. Rep.",Sub-Saharan Africa (excluding high income),Low income,2%,3%,1%,0%,1%,1%,1%,1%,2%,5%,,1%,1%,3%,1%,1%,1%,2%,2%,4%,34%,24%,0%,24%,34%,4%,32%,24%,34%,4%,6%,3%,3%,3%,4%,,
2014,COD,"Congo, Dem. Rep.",Sub-Saharan Africa (excluding high income),Low income,2%,6%,2%,0%,3%,3%,2%,,3%,15%,10%,3%,1%,3%,2%,3%,4%,1%,3%,,50%,20%,,31%,47%,,37%,43%,40%,,,,,,,,
2017,COD,"Congo, Dem. Rep.",Sub-Saharan Africa (excluding high income),Low income,4%,6%,4%,7%,,,1%,,2%,20%,14%,,1%,2%,,,,2%,4%,,27%,16%,,23%,24%,,23%,22%,24%,,,,,,,,
2011,COG,"Congo, Rep.",Sub-Saharan Africa (excluding high income),Lower middle income,4%,5%,2%,2%,0%,0%,2%,4%,6%,14%,,0%,2%,6%,0%,0%,1%,1%,5%,10%,30%,27%,3%,22%,33%,11%,29%,31%,27%,9%,12%,6%,3%,9%,7%,,
2014,COG,"Congo, Rep.",Sub-Saharan Africa (excluding high income),Lower middle income,6%,15%,3%,5%,1%,2%,2%,,3%,23%,0%,3%,0%,3%,2%,3%,3%,5%,5%,,29%,17%,,15%,27%,,23%,24%,23%,,,,,,,,
2017,COG,"Congo, Rep.",Sub-Saharan Africa (excluding high income),Lower middle income,4%,16%,5%,6%,,,2%,,4%,28%,8%,,3%,5%,,,,2%,4%,,21%,18%,,18%,20%,,22%,17%,22%,,,,,,,,
2011,COL,Colombia,Latin America & Caribbean (excluding high income),Upper middle income,14%,27%,16%,9%,8%,8%,13%,1%,14%,41%,,6%,6%,12%,6%,8%,9%,9%,15%,1%,23%,9%,0%,21%,17%,1%,21%,14%,21%,1%,1%,1%,1%,1%,1%,,
2014,COL,Colombia,Latin America & Caribbean (excluding high income),Upper middle income,20%,37%,22%,12%,11%,10%,14%,,19%,49%,2%,5%,12%,18%,6%,8%,11%,11%,19%,,20%,8%,,16%,16%,,18%,12%,18%,,,,,,,,
2017,COL,Colombia,Latin America & Caribbean (excluding high income),Upper middle income,18%,34%,18%,12%,,,15%,,20%,52%,4%,,10%,19%,,,,9%,18%,,23%,14%,,22%,20%,,26%,17%,23%,,,,,,,,
2011,COM,Comoros,Sub-Saharan Africa (excluding high income),Low income,10%,8%,5%,3%,9%,7%,7%,17%,2%,28%,,3%,2%,2%,7%,6%,10%,4%,12%,12%,29%,22%,11%,21%,28%,17%,22%,29%,23%,14%,16%,15%,6%,13%,14%,,
2011,CRI,Costa Rica,Latin America & Caribbean (excluding high income),Upper middle income,13%,53%,40%,28%,5%,4%,10%,0%,18%,60%,,3%,11%,18%,4%,4%,5%,7%,13%,0%,8%,6%,0%,11%,6%,0%,8%,5%,8%,0%,1%,0%,0%,1%,0%,,
2014,CRI,Costa Rica,Latin America & Caribbean (excluding high income),Upper middle income,15%,63%,53%,37%,14%,15%,13%,,17%,70%,,10%,13%,18%,8%,13%,13%,9%,17%,,17%,9%,,19%,13%,,17%,13%,15%,,,,,,,,
2017,CRI,Costa Rica,Latin America & Caribbean (excluding high income),Upper middle income,18%,61%,47%,34%,,,13%,,19%,74%,,,11%,17%,,,,11%,18%,,18%,10%,,24%,12%,,19%,14%,16%,,,,,,,,
2011,CYP,Cyprus,High income,High income,23%,57%,42%,16%,5%,8%,29%,,53%,90%,,10%,39%,53%,3%,9%,10%,20%,39%,,10%,15%,,29%,7%,,13%,16%,10%,,,,,,,,
2014,CYP,Cyprus,High income,High income,10%,59%,41%,15%,5%,5%,11%,,31%,92%,,4%,23%,33%,2%,5%,6%,5%,12%,,25%,13%,,32%,18%,,22%,28%,15%,,,,,,,,
2017,CYP,Cyprus,High income,High income,11%,69%,50%,22%,,,8%,,26%,92%,,,19%,28%,,,,1%,12%,,21%,15%,,28%,17%,,21%,26%,15%,,,,,,,,
2011,CZE,Czech Republic,High income,High income,8%,70%,61%,30%,7%,8%,9%,1%,28%,85%,,9%,25%,31%,6%,7%,10%,5%,13%,1%,20%,15%,1%,33%,16%,1%,17%,26%,13%,1%,1%,1%,0%,0%,1%,,
2014,CZE,Czech Republic,High income,High income,11%,70%,66%,37%,9%,12%,12%,,28%,86%,,15%,23%,29%,9%,12%,14%,7%,17%,,17%,10%,,21%,13%,,13%,17%,12%,,,,,,,,
2017,CZE,Czech Republic,High income,High income,15%,85%,72%,33%,,,13%,,27%,88%,,,23%,29%,,,,8%,21%,,14%,12%,,24%,12%,,11%,21%,9%,,,,,,,,
2011,DEU,Germany,High income,High income,33%,89%,,83%,0%,12%,,,33%,100%,,12%,,36%,15%,14%,,15%,,,,,,32%,5%,,8%,9%,0%,,,,,,,,
2014,DEU,Germany,High income,High income,21%,93%,91%,81%,10%,10%,19%,,54%,100%,,9%,40%,47%,5%,10%,9%,3%,23%,,11%,7%,,33%,6%,,10%,13%,8%,,,,,,,,
2017,DEU,Germany,High income,High income,21%,92%,92%,64%,,,20%,,61%,100%,,,49%,54%,,,,7%,21%,,8%,9%,,11%,8%,,8%,13%,5%,,,,,,,,
2011,DJI,Djibouti,Middle East & North Africa (excluding high income),Lower middle income,,14%,6%,4%,,3%,4%,8%,,,,,4%,6%,3%,3%,4%,4%,9%,8%,23%,15%,4%,14%,20%,10%,18%,,,9%,13%,7%,3%,,,,
2011,DNK,Denmark,High income,High income,18%,91%,88%,81%,5%,6%,20%,,52%,100%,,6%,39%,47%,6%,6%,7%,0%,24%,,13%,11%,,43%,7%,,12%,20%,7%,,,,,,,,
2014,DNK,Denmark,High income,High income,22%,97%,95%,81%,8%,8%,21%,,42%,100%,,7%,33%,38%,3%,8%,10%,13%,26%,,17%,10%,,44%,9%,,16%,19%,12%,,,,,,,,
2017,DNK,Denmark,High income,High income,24%,98%,96%,85%,,,22%,,49%,100%,,,40%,46%,,,,5%,28%,,20%,10%,,40%,11%,,17%,19%,14%,,,,,,,,
2011,DOM,Dominican Republic,Latin America & Caribbean (excluding high income),Upper middle income,17%,39%,13%,12%,8%,9%,15%,1%,19%,49%,,2%,6%,28%,4%,4%,8%,10%,19%,2%,20%,9%,2%,17%,15%,2%,17%,12%,17%,1%,1%,1%,0%,2%,1%,,
2014,DOM,Dominican Republic,Latin America & Caribbean (excluding high income),Upper middle income,21%,36%,19%,13%,12%,14%,18%,,15%,62%,2%,9%,7%,18%,9%,10%,14%,14%,22%,,26%,14%,,29%,19%,,26%,24%,21%,,,,,,,,
2017,DOM,Dominican Republic,Latin America & Caribbean (excluding high income),Upper middle income,30%,48%,28%,19%,,,22%,,23%,65%,5%,,13%,25%,,,,16%,28%,,22%,11%,,24%,17%,,23%,18%,20%,,,,,,,,
2011,DZA,Algeria,Middle East & North Africa (excluding high income),Upper middle income,2%,20%,8%,11%,1%,2%,3%,9%,1%,41%,,6%,1%,1%,4%,4%,4%,2%,2%,6%,26%,24%,7%,22%,26%,9%,18%,32%,20%,13%,8%,8%,3%,7%,7%,,
2014,DZA,Algeria,Middle East & North Africa (excluding high income),Upper middle income,3%,25%,17%,20%,3%,1%,0%,,7%,59%,,3%,1%,4%,4%,2%,4%,2%,3%,,15%,11%,,10%,15%,,12%,14%,13%,,,,,,,,
2017,DZA,Algeria,Middle East & North Africa (excluding high income),Upper middle income,4%,25%,20%,17%,,,5%,,3%,48%,,,3%,5%,,,,2%,5%,,26%,12%,,19%,18%,,20%,19%,18%,,,,,,,,
2011,EAP,East Asia & Pacific (excluding high income),,,8%,48%,30%,28%,3%,5%,8%,2%,10%,65%,,5%,3%,14%,3%,4%,4%,8%,10%,2%,29%,22%,1%,27%,27%,2%,27%,31%,25%,2%,2%,2%,2%,1%,2%,,
2014,EAP,East Asia & Pacific (excluding high income),,,13%,56%,39%,34%,4%,6%,10%,,18%,74%,0%,3%,8%,24%,2%,4%,4%,8%,12%,,29%,25%,,32%,27%,,29%,31%,26%,,,,,,,,
2017,EAP,East Asia & Pacific (excluding high income),,,12%,71%,53%,45%,,,11%,,22%,78%,1%,,13%,25%,,,,10%,13%,,31%,26%,,26%,30%,,26%,36%,25%,,,,,,,,
2011,EAS,East Asia & Pacific,,,8%,46%,29%,27%,4%,7%,8%,,16%,69%,,6%,7%,26%,3%,5%,5%,8%,10%,,27%,19%,,27%,25%,,23%,28%,23%,,,,,,,,
2014,EAS,East Asia & Pacific,,,13%,62%,42%,34%,5%,8%,10%,,23%,76%,,4%,11%,32%,2%,4%,5%,8%,13%,,28%,22%,,32%,25%,,25%,29%,24%,,,,,,,,
2017,EAS,East Asia & Pacific,,,12%,75%,55%,46%,,,11%,,28%,80%,,,16%,35%,,,,9%,13%,,28%,24%,,25%,27%,,22%,33%,23%,,,,,,,,
2011,ECA,Europe & Central Asia (excluding high income),,,9%,41%,31%,24%,13%,12%,8%,1%,19%,51%,,11%,13%,17%,14%,16%,15%,4%,10%,2%,30%,25%,1%,30%,28%,1%,29%,31%,27%,1%,2%,1%,1%,1%,1%,,
2014,ECA,Europe & Central Asia (excluding high income),,,13%,46%,35%,19%,9%,9%,11%,,22%,62%,0%,9%,16%,23%,9%,9%,12%,7%,15%,,25%,16%,,21%,21%,,21%,26%,19%,,,,,,,,
2017,ECA,Europe & Central Asia (excluding high income),,,14%,57%,46%,32%,,,12%,,24%,71%,2%,,19%,25%,,,,7%,17%,,28%,19%,,26%,24%,,25%,26%,23%,,,,,,,,
2011,ECS,Europe & Central Asia,,,10%,61%,44%,31%,9%,10%,10%,,31%,70%,,10%,21%,31%,9%,11%,12%,5%,12%,,22%,16%,,27%,16%,,18%,19%,17%,,,,,,,,
2014,ECS,Europe & Central Asia,,,16%,69%,61%,36%,10%,10%,14%,,37%,80%,,11%,30%,36%,10%,10%,12%,9%,18%,,19%,13%,,25%,16%,,17%,22%,14%,,,,,,,,
2017,ECS,Europe & Central Asia,,,17%,75%,68%,55%,,,15%,,39%,85%,,,32%,39%,,,,9%,20%,,20%,15%,,23%,17%,,18%,21%,16%,,,,,,,,
2011,ECU,Ecuador,Latin America & Caribbean (excluding high income),Upper middle income,12%,22%,14%,4%,5%,5%,9%,1%,13%,46%,,4%,7%,12%,4%,4%,,7%,,2%,,,,19%,14%,1%,16%,12%,17%,1%,,1%,1%,1%,1%,,
2014,ECU,Ecuador,Latin America & Caribbean (excluding high income),Upper middle income,15%,30%,22%,11%,2%,3%,15%,,8%,56%,,3%,5%,7%,1%,2%,3%,8%,17%,,7%,5%,,4%,7%,,6%,5%,7%,,,,,,,,
2017,ECU,Ecuador,Latin America & Caribbean (excluding high income),Upper middle income,14%,33%,24%,15%,,,11%,,11%,63%,2%,,6%,10%,,,,8%,15%,,16%,6%,,14%,13%,,15%,13%,13%,,,,,,,,
2011,EGY,"Egypt, Arab Rep.",Middle East & North Africa (excluding high income),Lower middle income,3%,7%,3%,3%,3%,3%,3%,6%,2%,13%,,2%,1%,3%,3%,2%,3%,3%,5%,5%,30%,22%,4%,19%,28%,5%,24%,28%,23%,5%,6%,4%,3%,4%,5%,,
2014,EGY,"Egypt, Arab Rep.",Middle East & North Africa (excluding high income),Lower middle income,6%,13%,7%,5%,10%,9%,7%,,3%,19%,1%,11%,1%,3%,12%,8%,12%,8%,10%,,23%,20%,,15%,25%,,21%,23%,20%,,,,,,,,
2017,EGY,"Egypt, Arab Rep.",Middle East & North Africa (excluding high income),Lower middle income,6%,24%,23%,25%,,,7%,,5%,40%,1%,,2%,4%,,,,7%,9%,,42%,35%,,22%,44%,,35%,38%,38%,,,,,,,,
2011,EMU,Euro area,,,11%,77%,63%,39%,5%,8%,12%,,42%,90%,,9%,35%,41%,4%,8%,7%,7%,14%,,9%,6%,,21%,6%,,8%,9%,7%,,,,,,,,
2014,EMU,Euro area,,,17%,87%,80%,55%,10%,10%,16%,,48%,96%,,11%,39%,46%,11%,11%,10%,9%,20%,,15%,11%,,31%,12%,,13%,21%,10%,,,,,,,,
2017,EMU,Euro area,,,18%,90%,88%,76%,,,17%,,51%,96%,,,43%,49%,,,,11%,20%,,13%,10%,,16%,11%,,11%,15%,10%,,,,,,,,
2011,ESP,Spain,High income,High income,11%,71%,55%,32%,8%,10%,11%,,47%,94%,,11%,40%,48%,7%,11%,11%,10%,15%,,13%,10%,,25%,10%,,13%,13%,11%,,,,,,,,
2014,ESP,Spain,High income,High income,20%,85%,83%,71%,19%,20%,17%,,60%,98%,,21%,54%,57%,15%,20%,,11%,,,,,,47%,20%,,23%,31%,16%,,,,,,,,
2017,ESP,Spain,High income,High income,23%,88%,85%,78%,,,17%,,60%,94%,,,53%,59%,,,,13%,22%,,18%,13%,,22%,16%,,16%,19%,16%,,,,,,,,
2011,EST,Estonia,High income,High income,8%,95%,91%,81%,12%,13%,6%,1%,35%,98%,,12%,28%,36%,7%,12%,16%,5%,10%,1%,24%,25%,0%,53%,19%,1%,23%,33%,20%,1%,1%,0%,1%,1%,1%,,
2014,EST,Estonia,High income,High income,14%,96%,91%,85%,13%,14%,17%,,35%,98%,,13%,31%,37%,9%,11%,17%,9%,19%,,22%,16%,,44%,16%,,19%,25%,16%,,,,,,,,
2017,EST,Estonia,High income,High income,17%,94%,90%,88%,,,12%,,38%,99%,,,27%,34%,,,,6%,18%,,11%,6%,,18%,8%,,9%,9%,9%,,,,,,,,
2014,ETH,Ethiopia,Sub-Saharan Africa (excluding high income),Low income,6%,2%,0%,1%,11%,14%,8%,,0%,26%,0%,9%,0%,0%,10%,10%,11%,7%,9%,,32%,25%,,31%,29%,,34%,28%,30%,,,,,,,,
2017,ETH,Ethiopia,Sub-Saharan Africa (excluding high income),Low income,10%,21%,3%,1%,,,11%,,0%,43%,0%,,0%,1%,,,,11%,12%,,34%,20%,,32%,30%,,26%,35%,28%,,,,,,,,
2011,FIN,Finland,High income,High income,26%,93%,89%,82%,32%,33%,21%,,71%,99%,,23%,63%,70%,17%,27%,36%,13%,31%,,18%,11%,,44%,11%,,17%,22%,11%,,,,,,,,
2014,FIN,Finland,High income,High income,24%,97%,96%,95%,22%,25%,23%,,72%,100%,,22%,61%,71%,13%,24%,28%,12%,28%,,25%,13%,,54%,17%,,23%,23%,18%,,,,,,,,
2017,FIN,Finland,High income,High income,22%,100%,98%,95%,,,20%,,74%,100%,,,64%,70%,,,,9%,26%,,14%,11%,,33%,10%,,14%,19%,9%,,,,,,,,
2011,FRA,France,High income,High income,18%,71%,71%,59%,3%,5%,21%,,44%,98%,,6%,34%,40%,0%,3%,4%,8%,20%,,4%,5%,,14%,3%,,5%,8%,3%,,,,,,,,
2014,FRA,France,High income,High income,15%,83%,81%,63%,5%,6%,17%,,47%,98%,,8%,43%,45%,5%,5%,8%,4%,19%,,8%,4%,,18%,4%,,6%,10%,5%,,,,,,,,
2017,FRA,France,High income,High income,18%,89%,87%,67%,,,19%,,44%,94%,,,40%,45%,,,,13%,21%,,10%,7%,,11%,8%,,8%,13%,6%,,,,,,,,
2011,GAB,Gabon,Sub-Saharan Africa (excluding high income),Upper middle income,3%,16%,3%,3%,1%,1%,1%,3%,4%,26%,,0%,1%,5%,1%,1%,,1%,,2%,,,,27%,27%,5%,35%,28%,27%,3%,,5%,2%,5%,2%,,
2014,GAB,Gabon,Sub-Saharan Africa (excluding high income),Upper middle income,6%,26%,13%,12%,3%,3%,4%,,8%,40%,5%,1%,3%,8%,2%,2%,3%,4%,6%,,37%,15%,,25%,29%,,30%,27%,29%,,,,,,,,
2017,GAB,Gabon,Sub-Saharan Africa (excluding high income),Upper middle income,6%,25%,12%,8%,,,4%,,7%,39%,36%,,3%,8%,,,,3%,6%,,42%,33%,,40%,38%,,42%,35%,42%,,,,,,,,
2011,GBR,United Kingdom,High income,High income,14%,91%,,67%,6%,8%,,,60%,98%,,10%,,54%,5%,6%,9%,4%,14%,,9%,5%,,38%,11%,,15%,17%,11%,,,,,,,,
2014,GBR,United Kingdom,High income,High income,21%,96%,94%,96%,13%,12%,20%,,69%,99%,,11%,64%,62%,6%,12%,12%,30%,26%,,15%,9%,,28%,11%,,12%,12%,13%,,,,,,,,
2017,GBR,United Kingdom,High income,High income,18%,93%,92%,87%,,,16%,,70%,98%,,,65%,71%,,,,10%,21%,,15%,12%,,18%,13%,,13%,19%,11%,,,,,,,,
2011,GEO,Georgia,Europe & Central Asia (excluding high income),Lower middle income,13%,23%,17%,10%,5%,5%,10%,0%,11%,40%,,4%,6%,11%,3%,4%,6%,4%,14%,0%,18%,10%,0%,11%,15%,0%,16%,16%,13%,0%,1%,1%,0%,1%,0%,,
2014,GEO,Georgia,Europe & Central Asia (excluding high income),Lower middle income,16%,30%,26%,29%,7%,9%,14%,,20%,47%,,7%,16%,20%,1%,9%,11%,1%,25%,,20%,13%,,7%,18%,,19%,17%,16%,,,,,,,,
2017,GEO,Georgia,Europe & Central Asia (excluding high income),Lower middle income,26%,41%,37%,30%,,,20%,,18%,71%,2%,,12%,16%,,,,10%,35%,,23%,19%,,13%,22%,,21%,22%,20%,,,,,,,,
2011,GHA,Ghana,Sub-Saharan Africa (excluding high income),Lower middle income,6%,28%,9%,2%,5%,6%,5%,4%,2%,37%,,6%,2%,5%,5%,4%,6%,5%,6%,5%,32%,18%,4%,23%,32%,5%,29%,36%,24%,4%,4%,3%,2%,3%,6%,,
2014,GHA,Ghana,Sub-Saharan Africa (excluding high income),Lower middle income,10%,14%,7%,5%,5%,5%,7%,,1%,39%,12%,3%,0%,1%,4%,5%,5%,5%,9%,,25%,12%,,17%,24%,,22%,18%,24%,,,,,,,,
2017,GHA,Ghana,Sub-Saharan Africa (excluding high income),Lower middle income,12%,24%,18%,13%,,,8%,,6%,48%,35%,,6%,5%,,,,10%,12%,,27%,15%,,19%,24%,,22%,22%,23%,,,,,,,,
2011,GIN,Guinea,Sub-Saharan Africa (excluding high income),Low income,3%,10%,1%,1%,3%,4%,2%,16%,2%,5%,,5%,0%,5%,4%,5%,3%,2%,3%,14%,39%,26%,11%,28%,38%,16%,32%,41%,31%,17%,18%,18%,15%,16%,16%,,
2014,GIN,Guinea,Sub-Saharan Africa (excluding high income),Low income,3%,15%,2%,1%,7%,9%,2%,,2%,9%,1%,5%,2%,5%,6%,7%,8%,1%,3%,,41%,26%,,29%,41%,,30%,39%,36%,,,,,,,,
2017,GIN,Guinea,Sub-Saharan Africa (excluding high income),Low income,5%,15%,5%,4%,,,4%,,3%,17%,10%,,2%,5%,,,,3%,5%,,27%,16%,,25%,24%,,32%,21%,26%,,,,,,,,
2011,GRC,Greece,High income,High income,9%,42%,26%,20%,7%,7%,7%,0%,20%,83%,,6%,14%,24%,5%,8%,8%,5%,11%,1%,22%,18%,0%,29%,19%,0%,21%,27%,15%,0%,1%,0%,0%,0%,0%,,
2014,GRC,Greece,High income,High income,10%,65%,49%,28%,5%,5%,15%,,14%,91%,,5%,6%,15%,4%,5%,7%,11%,14%,,18%,9%,,20%,13%,,15%,20%,10%,,,,,,,,
2017,GRC,Greece,High income,High income,2%,75%,66%,60%,,,2%,,16%,88%,,,7%,16%,,,,2%,2%,,19%,10%,,16%,15%,,16%,19%,12%,,,,,,,,
2011,GTM,Guatemala,Latin America & Caribbean (excluding high income),Lower middle income,18%,23%,9%,5%,4%,3%,13%,1%,10%,29%,,3%,5%,13%,4%,3%,4%,11%,19%,2%,12%,8%,1%,12%,9%,1%,12%,9%,10%,1%,2%,1%,2%,2%,1%,,
2014,GTM,Guatemala,Latin America & Caribbean (excluding high income),Lower middle income,16%,24%,13%,6%,11%,10%,11%,,8%,49%,2%,6%,5%,9%,7%,9%,11%,9%,15%,,22%,15%,,21%,19%,,22%,21%,19%,,,,,,,,
2017,GTM,Guatemala,Latin America & Caribbean (excluding high income),Lower middle income,11%,24%,13%,8%,,,11%,,9%,52%,2%,,6%,10%,,,,6%,12%,,15%,8%,,18%,11%,,14%,14%,13%,,,,,,,,
2011,HIC,High income,,,15%,66%,55%,33%,12%,12%,14%,,57%,91%,,10%,47%,54%,6%,12%,14%,6%,18%,,15%,9%,,30%,9%,,13%,16%,10%,,,,,,,,
2014,HIC,High income,,,18%,83%,78%,51%,13%,13%,17%,,59%,95%,,11%,48%,55%,8%,13%,14%,9%,22%,,17%,13%,,33%,12%,,15%,21%,12%,,,,,,,,
2017,HIC,High income,,,21%,86%,83%,67%,,,19%,,63%,96%,,,52%,59%,,,,10%,23%,,14%,11%,,25%,11%,,13%,17%,11%,,,,,,,,
2011,HKG,"Hong Kong SAR, China",High income,High income,,84%,65%,49%,,18%,6%,,,,,,38%,66%,3%,18%,24%,2%,14%,,13%,11%,,28%,9%,,14%,,,,,,,,,,
2014,HKG,"Hong Kong SAR, China",High income,High income,10%,78%,70%,36%,10%,10%,8%,,76%,98%,,7%,68%,70%,4%,12%,14%,4%,12%,,9%,7%,,19%,7%,,8%,9%,8%,,,,,,,,
2017,HKG,"Hong Kong SAR, China",High income,High income,12%,88%,80%,50%,,,6%,,77%,97%,,,61%,72%,,,,3%,13%,,7%,7%,,20%,4%,,8%,8%,6%,,,,,,,,
2011,HND,Honduras,Latin America & Caribbean (excluding high income),Lower middle income,9%,21%,6%,3%,4%,5%,6%,2%,7%,29%,,5%,2%,9%,4%,5%,5%,6%,9%,1%,12%,10%,2%,11%,11%,2%,12%,9%,12%,2%,1%,2%,1%,2%,2%,,
2014,HND,Honduras,Latin America & Caribbean (excluding high income),Lower middle income,12%,25%,9%,6%,5%,6%,8%,,9%,37%,3%,3%,4%,11%,3%,5%,6%,9%,12%,,20%,16%,,15%,20%,,19%,15%,20%,,,,,,,,
2017,HND,Honduras,Latin America & Caribbean (excluding high income),Lower middle income,16%,26%,11%,10%,,,10%,,6%,51%,6%,,4%,5%,,,,9%,15%,,17%,10%,,20%,12%,,20%,8%,19%,,,,,,,,
2011,HRV,Croatia,Europe & Central Asia (excluding high income),Upper middle income,14%,78%,72%,57%,18%,18%,15%,3%,39%,93%,,17%,35%,40%,14%,17%,22%,14%,18%,3%,24%,13%,1%,29%,18%,2%,20%,23%,17%,2%,3%,2%,4%,2%,3%,,
2014,HRV,Croatia,Europe & Central Asia (excluding high income),Upper middle income,25%,82%,68%,51%,40%,47%,24%,,44%,91%,,35%,36%,48%,17%,36%,51%,11%,31%,,26%,27%,,35%,25%,,27%,29%,25%,,,,,,,,
2017,HRV,Croatia,Europe & Central Asia (excluding high income),Upper middle income,12%,77%,66%,45%,,,16%,,41%,90%,,,33%,47%,,,,4%,20%,,16%,18%,,22%,16%,,17%,19%,15%,,,,,,,,
2011,HTI,Haiti,Latin America & Caribbean (excluding high income),Low income,,4%,1%,1%,,2%,7%,9%,,,,,1%,2%,2%,3%,3%,6%,11%,9%,39%,28%,4%,25%,42%,11%,35%,,,8%,9%,7%,2%,,,,
2014,HTI,Haiti,Latin America & Caribbean (excluding high income),Low income,5%,5%,2%,2%,6%,4%,3%,,5%,21%,3%,0%,2%,5%,2%,2%,5%,6%,6%,,31%,21%,,24%,29%,,29%,23%,30%,,,,,,,,
2017,HTI,Haiti,Latin America & Caribbean (excluding high income),Low income,17%,14%,10%,7%,,,11%,,10%,37%,11%,,7%,11%,,,,5%,16%,,26%,16%,,15%,25%,,24%,14%,26%,,,,,,,,
2011,HUN,Hungary,High income,High income,11%,75%,57%,33%,3%,4%,9%,0%,18%,76%,,2%,15%,18%,0%,4%,4%,5%,13%,1%,11%,7%,0%,14%,9%,1%,10%,12%,8%,1%,2%,1%,1%,1%,1%,,
2014,HUN,Hungary,High income,High income,8%,72%,57%,31%,11%,13%,10%,,14%,76%,,13%,10%,15%,7%,12%,15%,7%,12%,,18%,11%,,19%,14%,,14%,20%,12%,,,,,,,,
2017,HUN,Hungary,High income,High income,8%,78%,63%,49%,,,6%,,14%,80%,,,9%,17%,,,,3%,11%,,11%,10%,,22%,9%,,9%,13%,9%,,,,,,,,
2011,IDN,Indonesia,East Asia & Pacific (excluding high income),Lower middle income,8%,18%,7%,3%,3%,2%,9%,4%,1%,25%,,4%,0%,1%,5%,3%,3%,7%,11%,2%,44%,39%,1%,37%,44%,3%,41%,44%,41%,3%,3%,2%,2%,3%,2%,,
2014,IDN,Indonesia,East Asia & Pacific (excluding high income),Lower middle income,14%,42%,18%,8%,7%,10%,12%,,2%,45%,0%,6%,1%,3%,4%,8%,8%,10%,16%,,45%,35%,,44%,41%,,43%,47%,38%,,,,,,,,
2017,IDN,Indonesia,East Asia & Pacific (excluding high income),Lower middle income,20%,46%,28%,15%,,,19%,,3%,57%,3%,,3%,4%,,,,13%,21%,,39%,30%,,34%,36%,,37%,36%,36%,,,,,,,,
2011,IND,India,South Asia,Lower middle income,8%,26%,5%,5%,5%,4%,8%,3%,2%,41%,,10%,1%,5%,7%,7%,8%,8%,9%,3%,23%,16%,3%,17%,21%,4%,15%,22%,18%,3%,4%,4%,2%,3%,3%,,
2014,IND,India,South Asia,Lower middle income,7%,37%,20%,9%,5%,5%,7%,,5%,59%,2%,3%,3%,7%,4%,4%,4%,6%,8%,,39%,25%,,27%,34%,,28%,33%,32%,,,,,,,,
2017,IND,India,South Asia,Lower middle income,7%,52%,26%,16%,,,7%,,4%,82%,1%,,2%,4%,,,,6%,7%,,40%,24%,,28%,34%,,31%,35%,32%,,,,,,,,
2011,IRL,Ireland,High income,High income,17%,74%,70%,38%,8%,8%,16%,,61%,94%,,7%,53%,57%,4%,8%,9%,8%,20%,,12%,10%,,32%,6%,,12%,14%,9%,,,,,,,,
2014,IRL,Ireland,High income,High income,20%,89%,85%,55%,7%,6%,21%,,51%,96%,,3%,47%,49%,5%,6%,6%,9%,22%,,20%,8%,,27%,14%,,16%,19%,14%,,,,,,,,
2017,IRL,Ireland,High income,High income,19%,86%,85%,68%,,,17%,,56%,97%,,,46%,52%,,,,7%,22%,,14%,15%,,27%,12%,,14%,17%,13%,,,,,,,,
2011,IRN,"Iran, Islamic Rep.",Middle East & North Africa (excluding high income),Upper middle income,34%,68%,51%,42%,37%,34%,34%,,27%,78%,,31%,20%,29%,36%,36%,40%,31%,35%,,54%,47%,,42%,53%,,46%,53%,48%,,,,,,,,
2014,IRN,"Iran, Islamic Rep.",Middle East & North Africa (excluding high income),Upper middle income,35%,78%,66%,69%,39%,38%,25%,,14%,94%,4%,42%,8%,14%,47%,41%,43%,27%,32%,,54%,44%,,46%,50%,,49%,50%,48%,,,,,,,,
2017,IRN,"Iran, Islamic Rep.",Middle East & North Africa (excluding high income),Upper middle income,26%,82%,76%,66%,,,24%,,11%,94%,23%,,9%,10%,,,,16%,27%,,58%,45%,,44%,53%,,51%,56%,47%,,,,,,,,
2011,IRQ,Iraq,Middle East & North Africa (excluding high income),Upper middle income,9%,6%,2%,1%,19%,20%,11%,14%,2%,13%,,23%,2%,2%,22%,24%,21%,6%,12%,15%,41%,42%,12%,41%,42%,15%,42%,45%,39%,16%,13%,10%,7%,13%,12%,,
2014,IRQ,Iraq,Middle East & North Africa (excluding high income),Upper middle income,5%,5%,3%,3%,30%,32%,4%,,2%,12%,,39%,1%,3%,35%,35%,39%,2%,6%,,53%,42%,,51%,47%,,46%,55%,45%,,,,,,,,
2017,IRQ,Iraq,Middle East & North Africa (excluding high income),Upper middle income,4%,9%,5%,5%,,,3%,,2%,23%,3%,,1%,3%,,,,1%,3%,,54%,48%,,52%,52%,,51%,53%,51%,,,,,,,,
2011,ISR,Israel,High income,High income,13%,8%,11%,0%,17%,18%,20%,6%,85%,94%,,20%,70%,81%,23%,16%,19%,18%,18%,8%,21%,18%,5%,17%,20%,7%,19%,29%,14%,9%,7%,6%,5%,5%,9%,,
2014,ISR,Israel,High income,High income,41%,33%,30%,12%,47%,45%,35%,,86%,93%,,42%,67%,79%,35%,44%,55%,12%,54%,,19%,13%,,10%,19%,,17%,27%,11%,,,,,,,,
2017,ISR,Israel,High income,High income,37%,32%,31%,19%,,,35%,,84%,98%,,,66%,76%,,,,39%,41%,,19%,11%,,14%,18%,,17%,22%,14%,,,,,,,,
2011,ITA,Italy,High income,High income,4%,49%,40%,27%,2%,2%,6%,,37%,77%,,2%,31%,47%,2%,3%,4%,4%,7%,,6%,1%,,3%,4%,,4%,3%,3%,,,,,,,,
2014,ITA,Italy,High income,High income,14%,82%,62%,47%,14%,15%,14%,,46%,91%,,17%,35%,47%,15%,16%,17%,11%,18%,,25%,21%,,39%,21%,,19%,35%,15%,,,,,,,,
2017,ITA,Italy,High income,High income,17%,88%,86%,82%,,,15%,,50%,96%,,,42%,53%,,,,13%,23%,,17%,15%,,14%,17%,,16%,17%,16%,,,,,,,,
2011,JAM,Jamaica,Latin America & Caribbean (excluding high income),Upper middle income,9%,49%,40%,30%,4%,5%,7%,3%,10%,77%,,4%,6%,11%,3%,4%,5%,5%,10%,2%,20%,22%,2%,25%,19%,2%,19%,19%,22%,2%,1%,1%,0%,1%,3%,,
2014,JAM,Jamaica,Latin America & Caribbean (excluding high income),Upper middle income,14%,49%,46%,33%,6%,5%,11%,,16%,85%,1%,4%,14%,16%,6%,5%,6%,8%,13%,,33%,22%,,45%,25%,,33%,26%,32%,,,,,,,,
2011,JOR,Jordan,Middle East & North Africa (excluding high income),Lower middle income,5%,17%,13%,5%,2%,2%,3%,1%,5%,33%,,4%,4%,5%,5%,3%,4%,2%,7%,1%,32%,23%,1%,14%,34%,1%,23%,31%,23%,1%,1%,1%,0%,1%,0%,,
2014,JOR,Jordan,Middle East & North Africa (excluding high income),Lower middle income,15%,22%,21%,10%,5%,4%,12%,,4%,30%,0%,4%,2%,3%,4%,5%,6%,16%,19%,,22%,14%,,10%,21%,,16%,19%,16%,,,,,,,,
2017,JOR,Jordan,Middle East & North Africa (excluding high income),Lower middle income,17%,35%,34%,19%,,,20%,,4%,48%,1%,,2%,3%,,,,14%,25%,,36%,27%,,23%,35%,,29%,39%,26%,,,,,,,,
2011,JPN,Japan,High income,High income,7%,15%,10%,7%,10%,12%,5%,,66%,97%,,10%,61%,72%,2%,9%,13%,1%,9%,,5%,5%,,18%,3%,,5%,6%,5%,,,,,,,,
2014,JPN,Japan,High income,High income,6%,94%,89%,62%,13%,13%,10%,,66%,96%,,9%,64%,74%,3%,10%,13%,5%,12%,,6%,5%,,31%,3%,,4%,6%,6%,,,,,,,,
2017,JPN,Japan,High income,High income,5%,91%,84%,64%,,,7%,,74%,99%,,,62%,75%,,,,4%,8%,,4%,2%,,11%,3%,,4%,4%,4%,,,,,,,,
2011,KAZ,Kazakhstan,Europe & Central Asia (excluding high income),Upper middle income,14%,35%,24%,12%,9%,9%,11%,0%,9%,48%,,7%,10%,9%,4%,8%,11%,4%,15%,2%,34%,27%,2%,27%,33%,3%,33%,33%,30%,3%,3%,2%,0%,2%,3%,,
2014,KAZ,Kazakhstan,Europe & Central Asia (excluding high income),Upper middle income,19%,35%,29%,16%,6%,6%,16%,,12%,60%,,6%,10%,12%,6%,6%,7%,5%,21%,,28%,17%,,23%,23%,,26%,18%,28%,,,,,,,,
2017,KAZ,Kazakhstan,Europe & Central Asia (excluding high income),Upper middle income,20%,45%,39%,14%,,,20%,,23%,65%,,,20%,23%,,,,11%,27%,,26%,18%,,19%,24%,,24%,21%,23%,,,,,,,,
2011,KEN,Kenya,Sub-Saharan Africa (excluding high income),Lower middle income,13%,48%,26%,10%,11%,12%,9%,0%,9%,58%,,9%,5%,11%,8%,11%,,5%,,2%,,,,60%,57%,2%,63%,54%,61%,1%,,1%,1%,2%,1%,,
2014,KEN,Kenya,Sub-Saharan Africa (excluding high income),Lower middle income,19%,54%,31%,16%,15%,16%,15%,,6%,68%,57%,23%,4%,8%,20%,16%,19%,13%,16%,,61%,59%,,60%,61%,,62%,58%,62%,,,,,,,,
2017,KEN,Kenya,Sub-Saharan Africa (excluding high income),Lower middle income,20%,53%,36%,16%,,,17%,,8%,68%,73%,,5%,9%,,,,9%,19%,,47%,37%,,46%,45%,,49%,42%,47%,,,,,,,,
2011,KGZ,Kyrgyz Republic,Europe & Central Asia (excluding high income),Lower middle income,10%,2%,1%,0%,1%,1%,12%,0%,1%,6%,,0%,0%,1%,0%,0%,1%,5%,12%,0%,27%,24%,0%,25%,26%,0%,24%,27%,24%,0%,0%,0%,0%,0%,1%,,
2014,KGZ,Kyrgyz Republic,Europe & Central Asia (excluding high income),Lower middle income,14%,8%,5%,0%,5%,5%,15%,,4%,23%,,5%,3%,4%,1%,5%,6%,2%,20%,,26%,16%,,18%,22%,,22%,18%,23%,,,,,,,,
2017,KGZ,Kyrgyz Republic,Europe & Central Asia (excluding high income),Lower middle income,11%,22%,18%,9%,,,10%,,5%,40%,3%,,3%,4%,,,,4%,10%,,22%,11%,,19%,16%,,17%,16%,18%,,,,,,,,
2011,KHM,Cambodia,East Asia & Pacific (excluding high income),Lower middle income,18%,13%,2%,2%,11%,6%,21%,4%,0%,6%,,13%,0%,1%,13%,14%,13%,21%,22%,3%,40%,35%,4%,34%,41%,5%,32%,37%,40%,5%,4%,5%,2%,4%,5%,,
2014,KHM,Cambodia,East Asia & Pacific (excluding high income),Lower middle income,29%,16%,4%,4%,9%,6%,28%,,4%,15%,13%,8%,2%,4%,9%,9%,10%,29%,30%,,40%,26%,,41%,34%,,34%,37%,36%,,,,,,,,
2017,KHM,Cambodia,East Asia & Pacific (excluding high income),Lower middle income,29%,37%,6%,5%,,,27%,,1%,23%,5%,,1%,2%,,,,27%,28%,,37%,30%,,33%,36%,,37%,39%,32%,,,,,,,,
2011,KOR,"Korea, Rep.",High income,High income,18%,59%,47%,51%,12%,13%,15%,,63%,95%,,14%,44%,57%,9%,17%,19%,10%,24%,,15%,19%,,27%,13%,,17%,19%,15%,,,,,,,,
2014,KOR,"Korea, Rep.",High income,High income,21%,76%,51%,27%,14%,14%,13%,,63%,94%,,11%,39%,60%,6%,11%,18%,8%,26%,,18%,16%,,32%,12%,,18%,20%,16%,,,,,,,,
2017,KOR,"Korea, Rep.",High income,High income,21%,82%,61%,38%,,,25%,,68%,97%,,,55%,68%,,,,4%,26%,,11%,14%,,24%,10%,,12%,10%,13%,,,,,,,,
2011,KWT,Kuwait,High income,High income,24%,84%,,87%,1%,1%,,7%,61%,88%,,1%,,59%,3%,2%,,24%,,6%,,,,18%,18%,7%,19%,21%,17%,,,8%,7%,9%,3%,,
2014,KWT,Kuwait,High income,High income,17%,73%,75%,46%,15%,18%,6%,,33%,79%,,19%,45%,28%,12%,18%,20%,1%,15%,,30%,31%,,41%,28%,,31%,38%,25%,,,,,,,,
2017,KWT,Kuwait,High income,High income,21%,80%,61%,23%,,,0%,,27%,86%,,,19%,23%,,,,0%,19%,,23%,15%,,20%,21%,,21%,26%,18%,,,,,,,,
2011,LAC,Latin America & Caribbean (excluding high income),,,10%,37%,21%,18%,6%,6%,8%,2%,25%,50%,,3%,12%,24%,3%,6%,6%,6%,9%,2%,17%,9%,2%,17%,13%,2%,17%,14%,14%,2%,2%,2%,1%,2%,1%,,
2014,LAC,Latin America & Caribbean (excluding high income),,,14%,47%,36%,31%,10%,9%,11%,,28%,58%,2%,4%,18%,27%,5%,7%,9%,9%,13%,,16%,10%,,14%,13%,,14%,13%,14%,,,,,,,,
2017,LAC,Latin America & Caribbean (excluding high income),,,11%,47%,38%,30%,,,10%,,24%,62%,4%,,16%,22%,,,,6%,11%,,17%,11%,,19%,14%,,17%,15%,16%,,,,,,,,
2011,LAO,Lao PDR,East Asia & Pacific (excluding high income),Lower middle income,17%,10%,4%,4%,0%,0%,20%,3%,4%,31%,,0%,2%,5%,0%,0%,0%,18%,21%,4%,15%,16%,2%,20%,14%,1%,20%,16%,15%,3%,2%,1%,4%,3%,1%,,
2017,LAO,Lao PDR,East Asia & Pacific (excluding high income),Lower middle income,9%,24%,8%,6%,,,9%,,1%,37%,,,1%,1%,,,,8%,10%,,34%,20%,,35%,29%,,33%,34%,29%,,,,,,,,
2011,LBN,Lebanon,Middle East & North Africa (excluding high income),Upper middle income,13%,27%,15%,12%,5%,4%,7%,1%,17%,50%,,7%,7%,15%,9%,6%,7%,9%,15%,1%,13%,11%,1%,15%,11%,2%,12%,16%,9%,0%,1%,2%,0%,1%,1%,,
2014,LBN,Lebanon,Middle East & North Africa (excluding high income),Upper middle income,17%,42%,28%,18%,10%,10%,14%,,15%,59%,0%,23%,8%,13%,24%,12%,16%,13%,22%,,14%,11%,,8%,14%,,10%,19%,9%,,,,,,,,
2017,LBN,Lebanon,Middle East & North Africa (excluding high income),Upper middle income,17%,40%,35%,23%,,,17%,,20%,55%,,,13%,19%,,,,12%,25%,,14%,13%,,11%,14%,,11%,18%,10%,,,,,,,,
2011,LBR,Liberia,Sub-Saharan Africa (excluding high income),Low income,,5%,3%,2%,,8%,6%,4%,,,,,2%,4%,2%,6%,6%,4%,8%,5%,46%,29%,2%,40%,43%,4%,44%,,,5%,5%,4%,5%,,,,
2017,LBR,Liberia,Sub-Saharan Africa (excluding high income),Low income,8%,8%,4%,3%,,,7%,,2%,27%,20%,,2%,1%,,,,7%,8%,,38%,29%,,33%,37%,,38%,35%,37%,,,,,,,,
2017,LBY,Libya,Middle East & North Africa (excluding high income),Upper middle income,5%,26%,20%,7%,,,5%,,14%,71%,,,8%,11%,,,,1%,5%,,45%,42%,,49%,43%,,43%,48%,42%,,,,,,,,
2011,LCN,Latin America & Caribbean,,,10%,37%,21%,18%,6%,6%,8%,,25%,50%,,3%,13%,24%,3%,6%,7%,7%,9%,,17%,9%,,17%,13%,,16%,13%,14%,,,,,,,,
2014,LCN,Latin America & Caribbean,,,15%,47%,36%,31%,10%,9%,11%,,28%,59%,,4%,19%,28%,5%,8%,9%,9%,13%,,15%,10%,,14%,13%,,14%,13%,13%,,,,,,,,
2017,LCN,Latin America & Caribbean,,,11%,48%,38%,30%,,,10%,,25%,62%,,,16%,23%,,,,6%,12%,,17%,11%,,19%,14%,,17%,15%,15%,,,,,,,,
2011,LIC,Low income,,,6%,10%,4%,2%,6%,6%,5%,8%,2%,17%,,6%,1%,3%,6%,7%,7%,4%,7%,8%,41%,30%,5%,34%,39%,8%,36%,38%,37%,7%,9%,7%,6%,7%,8%,,
2014,LIC,Low income,,,6%,13%,4%,2%,9%,8%,6%,,1%,22%,9%,8%,1%,2%,9%,9%,10%,5%,7%,,44%,28%,,36%,40%,,41%,38%,39%,,,,,,,,
2017,LIC,Low income,,,8%,17%,7%,5%,,,7%,,3%,30%,16%,,2%,3%,,,,7%,8%,,35%,23%,,31%,32%,,31%,31%,32%,,,,,,,,
2011,LKA,Sri Lanka,South Asia,Lower middle income,17%,19%,8%,4%,7%,6%,18%,3%,5%,75%,,8%,3%,5%,9%,9%,11%,18%,21%,2%,16%,8%,2%,11%,13%,2%,13%,15%,11%,2%,3%,3%,2%,2%,4%,,
2014,LKA,Sri Lanka,South Asia,Lower middle income,17%,42%,23%,7%,3%,5%,18%,,5%,85%,0%,6%,3%,7%,4%,4%,5%,17%,26%,,12%,7%,,6%,10%,,10%,10%,9%,,,,,,,,
2017,LKA,Sri Lanka,South Asia,Lower middle income,16%,50%,31%,16%,,,16%,,7%,76%,2%,,5%,9%,,,,12%,23%,,19%,13%,,15%,16%,,16%,17%,15%,,,,,,,,
2011,LMC,Lower middle income,,,9%,20%,7%,4%,7%,8%,9%,4%,3%,35%,,10%,1%,4%,9%,9%,10%,8%,10%,4%,30%,20%,3%,22%,27%,4%,27%,27%,25%,4%,4%,4%,3%,3%,4%,,
2014,LMC,Lower middle income,,,9%,33%,17%,8%,8%,8%,8%,,4%,47%,3%,9%,3%,6%,9%,9%,9%,7%,10%,,38%,26%,,29%,34%,,30%,34%,32%,,,,,,,,
2017,LMC,Lower middle income,,,9%,41%,22%,13%,,,9%,,4%,61%,5%,,2%,5%,,,,7%,11%,,36%,23%,,28%,31%,,30%,31%,30%,,,,,,,,
2011,LMY,Developing,,,8%,37%,19%,16%,7%,8%,8%,3%,9%,50%,,8%,4%,13%,7%,8%,8%,8%,10%,3%,28%,20%,2%,24%,26%,3%,26%,28%,24%,3%,3%,3%,2%,3%,3%,,
2014,LMY,Developing,,,11%,45%,28%,21%,8%,8%,9%,,13%,60%,2%,7%,7%,17%,6%,7%,8%,7%,11%,,32%,23%,,28%,29%,,28%,31%,28%,,,,,,,,
2017,LMY,Developing,,,10%,53%,36%,27%,,,9%,,14%,67%,5%,,9%,16%,,,,7%,11%,,32%,23%,,27%,29%,,27%,32%,27%,,,,,,,,
2011,LSO,Lesotho,Sub-Saharan Africa (excluding high income),Lower middle income,4%,27%,11%,8%,4%,7%,3%,4%,4%,26%,,4%,2%,6%,3%,5%,5%,1%,5%,5%,61%,37%,4%,49%,51%,4%,51%,52%,50%,4%,4%,2%,3%,3%,5%,,
2017,LSO,Lesotho,Sub-Saharan Africa (excluding high income),Lower middle income,6%,35%,20%,13%,,,5%,,3%,40%,27%,,3%,6%,,,,3%,9%,,39%,30%,,33%,33%,,37%,33%,34%,,,,,,,,
2011,LTU,Lithuania,High income,High income,6%,66%,57%,32%,12%,14%,6%,2%,15%,77%,,14%,13%,15%,1%,15%,19%,4%,8%,1%,27%,23%,0%,36%,23%,1%,25%,34%,20%,2%,2%,1%,0%,1%,2%,,
2014,LTU,Lithuania,High income,High income,12%,76%,59%,27%,16%,18%,9%,,12%,84%,,11%,9%,12%,2%,16%,20%,2%,15%,,27%,12%,,11%,23%,,23%,26%,18%,,,,,,,,
2017,LTU,Lithuania,High income,High income,16%,61%,48%,26%,,,10%,,17%,86%,,,9%,18%,,,,7%,17%,,24%,19%,,24%,22%,,22%,25%,20%,,,,,,,,
2011,LUX,Luxembourg,High income,High income,20%,76%,76%,62%,4%,7%,19%,,75%,96%,,10%,73%,79%,3%,5%,11%,5%,24%,,7%,5%,,19%,3%,,7%,9%,4%,,,,,,,,
2014,LUX,Luxembourg,High income,High income,19%,88%,85%,79%,3%,5%,21%,,72%,97%,,7%,70%,69%,6%,4%,6%,14%,24%,,9%,7%,,20%,6%,,8%,12%,5%,,,,,,,,
2017,LUX,Luxembourg,High income,High income,25%,92%,90%,79%,,,20%,,73%,99%,,,69%,72%,,,,16%,24%,,7%,9%,,21%,6%,,7%,11%,6%,,,,,,,,
2011,LVA,Latvia,High income,High income,8%,84%,68%,58%,5%,5%,9%,0%,23%,93%,,2%,19%,24%,2%,5%,5%,3%,9%,0%,23%,13%,1%,28%,17%,1%,19%,25%,16%,1%,1%,1%,0%,1%,1%,,
2014,LVA,Latvia,High income,High income,18%,90%,80%,67%,9%,10%,16%,,25%,93%,,10%,17%,25%,6%,8%,12%,12%,22%,,23%,13%,,30%,18%,,20%,26%,16%,,,,,,,,
2017,LVA,Latvia,High income,High income,11%,93%,82%,63%,,,11%,,20%,96%,,,17%,20%,,,,7%,14%,,25%,14%,,38%,19%,,22%,19%,22%,,,,,,,,
2017,MAR,Morocco,Middle East & North Africa (excluding high income),Lower middle income,3%,38%,13%,15%,,,2%,,0%,35%,0%,,0%,0%,,,,2%,4%,,22%,15%,,15%,19%,,16%,21%,16%,,,,,,,,
2011,MDA,Moldova,Europe & Central Asia (excluding high income),Lower middle income,7%,20%,13%,3%,4%,5%,6%,3%,3%,24%,,7%,2%,3%,6%,5%,6%,2%,9%,2%,43%,40%,3%,47%,41%,3%,40%,48%,38%,3%,3%,3%,1%,2%,4%,,
2014,MDA,Moldova,Europe & Central Asia (excluding high income),Lower middle income,7%,20%,13%,2%,7%,7%,6%,,8%,22%,,5%,4%,8%,3%,5%,7%,1%,9%,,41%,36%,,41%,39%,,38%,43%,37%,,,,,,,,
2017,MDA,Moldova,Europe & Central Asia (excluding high income),Lower middle income,11%,28%,24%,10%,,,9%,,22%,52%,,,16%,20%,,,,6%,,,,,,47%,36%,,38%,38%,38%,,,,,,,,
2011,MDG,Madagascar,Sub-Saharan Africa (excluding high income),Low income,3%,3%,1%,0%,19%,13%,2%,5%,0%,8%,,15%,0%,0%,19%,19%,20%,1%,3%,6%,62%,44%,4%,56%,59%,5%,51%,59%,57%,5%,4%,3%,3%,4%,5%,,
2014,MDG,Madagascar,Sub-Saharan Africa (excluding high income),Low income,3%,6%,1%,1%,7%,7%,1%,,0%,8%,2%,9%,0%,0%,8%,9%,9%,1%,2%,,53%,38%,,45%,54%,,49%,50%,52%,,,,,,,,
2017,MDG,Madagascar,Sub-Saharan Africa (excluding high income),Low income,4%,10%,2%,2%,,,3%,,1%,13%,10%,,1%,1%,,,,3%,4%,,40%,14%,,39%,36%,,38%,35%,38%,,,,,,,,
2011,MEA,Middle East & North Africa,,,12%,35%,18%,15%,17%,16%,12%,,14%,42%,,16%,8%,18%,17%,18%,19%,9%,14%,,35%,32%,,29%,35%,,31%,37%,31%,,,,,,,,
2017,MEA,Middle East & North Africa,,,10%,49%,28%,20%,,,8%,,8%,52%,,,4%,11%,,,,4%,12%,,36%,26%,,26%,32%,,33%,34%,29%,,,,,,,,
2011,MEX,Mexico,Latin America & Caribbean (excluding high income),Upper middle income,9%,32%,8%,9%,11%,11%,6%,2%,18%,37%,,6%,6%,19%,6%,11%,12%,6%,9%,4%,19%,10%,2%,17%,14%,3%,16%,13%,16%,3%,4%,3%,4%,4%,3%,,
2014,MEX,Mexico,Latin America & Caribbean (excluding high income),Upper middle income,12%,34%,22%,17%,18%,18%,8%,,25%,45%,4%,8%,13%,23%,8%,14%,15%,7%,11%,,28%,23%,,26%,26%,,26%,24%,28%,,,,,,,,
2017,MEX,Mexico,Latin America & Caribbean (excluding high income),Upper middle income,7%,30%,18%,15%,,,7%,,14%,42%,4%,,6%,11%,,,,3%,7%,,16%,11%,,18%,13%,,16%,13%,15%,,,,,,,,
2011,MIC,Middle income,,,9%,38%,20%,16%,7%,8%,9%,3%,10%,52%,,8%,4%,14%,7%,8%,8%,8%,10%,3%,27%,20%,2%,23%,25%,3%,25%,27%,23%,3%,3%,2%,2%,2%,3%,,
2014,MIC,Middle income,,,11%,46%,30%,23%,8%,8%,9%,,14%,62%,2%,7%,7%,18%,6%,7%,8%,8%,12%,,31%,23%,,28%,28%,,27%,30%,27%,,,,,,,,
2017,MIC,Middle income,,,10%,55%,39%,30%,,,9%,,15%,70%,4%,,9%,16%,,,,7%,11%,,32%,23%,,26%,29%,,27%,32%,26%,,,,,,,,
2011,MKD,"Macedonia, FYR",Europe & Central Asia (excluding high income),Upper middle income,11%,49%,32%,23%,6%,7%,10%,5%,19%,77%,,7%,14%,23%,6%,7%,9%,7%,14%,5%,25%,22%,4%,23%,23%,4%,22%,31%,19%,3%,5%,3%,2%,4%,5%,,
2014,MKD,"Macedonia, FYR",Europe & Central Asia (excluding high income),Upper middle income,15%,74%,49%,21%,18%,22%,12%,,26%,80%,,16%,17%,33%,12%,21%,23%,6%,19%,,24%,16%,,19%,20%,,21%,20%,20%,,,,,,,,
2017,MKD,"Macedonia, FYR",Europe & Central Asia (excluding high income),Upper middle income,17%,70%,49%,29%,,,9%,,23%,83%,,,13%,26%,,,,3%,23%,,26%,16%,,20%,21%,,20%,29%,15%,,,,,,,,
2011,MLI,Mali,Sub-Saharan Africa (excluding high income),Low income,5%,7%,1%,1%,3%,2%,3%,7%,1%,11%,,3%,1%,1%,3%,4%,4%,3%,4%,5%,28%,15%,3%,24%,24%,9%,25%,22%,25%,7%,9%,9%,4%,10%,3%,,
2014,MLI,Mali,Sub-Saharan Africa (excluding high income),Low income,3%,16%,2%,1%,1%,0%,3%,,1%,17%,11%,0%,0%,3%,1%,1%,1%,2%,4%,,40%,23%,,32%,33%,,22%,36%,31%,,,,,,,,
2017,MLI,Mali,Sub-Saharan Africa (excluding high income),Low income,7%,17%,9%,7%,,,6%,,7%,20%,21%,,8%,7%,,,,6%,7%,,28%,17%,,23%,26%,,24%,25%,25%,,,,,,,,
2011,MLT,Malta,High income,High income,11%,76%,72%,45%,8%,9%,11%,,57%,96%,,7%,55%,60%,1%,11%,11%,1%,18%,,7%,4%,,12%,4%,,5%,7%,4%,,,,,,,,
2014,MLT,Malta,High income,High income,11%,84%,77%,44%,1%,3%,9%,,48%,98%,,4%,41%,47%,1%,3%,3%,0%,16%,,9%,8%,,26%,6%,,9%,10%,7%,,,,,,,,
2017,MLT,Malta,High income,High income,13%,90%,85%,57%,,,9%,,57%,99%,,,44%,51%,,,,0%,13%,,9%,6%,,24%,5%,,9%,8%,8%,,,,,,,,
2014,MMR,Myanmar,East Asia & Pacific (excluding high income),Lower middle income,15%,4%,0%,1%,5%,4%,20%,,0%,25%,0%,8%,0%,0%,7%,6%,6%,19%,17%,,21%,24%,,18%,23%,,14%,25%,20%,,,,,,,,
2017,MMR,Myanmar,East Asia & Pacific (excluding high income),Lower middle income,16%,12%,2%,1%,,,25%,,0%,28%,0%,,0%,0%,,,,23%,20%,,24%,18%,,25%,21%,,23%,26%,20%,,,,,,,,
2011,MNA,Middle East & North Africa (excluding high income),,,13%,31%,16%,13%,18%,18%,12%,8%,10%,37%,,18%,6%,12%,17%,19%,21%,10%,15%,7%,38%,33%,6%,29%,37%,7%,33%,39%,33%,7%,7%,6%,4%,6%,7%,,
2017,MNA,Middle East & North Africa (excluding high income),,,9%,45%,26%,19%,,,7%,,4%,48%,4%,,3%,6%,,,,4%,10%,,37%,26%,,26%,33%,,34%,34%,29%,,,,,,,,
2011,MNE,Montenegro,Europe & Central Asia (excluding high income),Upper middle income,20%,27%,23%,11%,13%,17%,23%,2%,14%,56%,,16%,13%,18%,10%,13%,19%,16%,29%,4%,37%,33%,3%,25%,38%,5%,36%,43%,30%,5%,5%,5%,1%,4%,4%,,
2014,MNE,Montenegro,Europe & Central Asia (excluding high income),Upper middle income,26%,44%,31%,9%,22%,26%,18%,,19%,69%,,22%,13%,20%,11%,23%,30%,10%,29%,,23%,18%,,16%,22%,,21%,25%,18%,,,,,,,,
2017,MNE,Montenegro,Europe & Central Asia (excluding high income),Upper middle income,17%,46%,38%,12%,,,15%,,20%,74%,,,18%,20%,,,,7%,21%,,25%,21%,,17%,25%,,26%,25%,22%,,,,,,,,
2011,MNG,Mongolia,East Asia & Pacific (excluding high income),Lower middle income,27%,70%,55%,33%,15%,16%,28%,1%,3%,82%,,14%,1%,3%,8%,15%,20%,17%,32%,3%,19%,11%,1%,18%,15%,2%,18%,15%,16%,2%,2%,1%,1%,2%,1%,,
2014,MNG,Mongolia,East Asia & Pacific (excluding high income),Lower middle income,37%,76%,62%,37%,11%,14%,39%,,2%,94%,5%,17%,1%,1%,12%,15%,14%,25%,46%,,31%,24%,,25%,30%,,31%,32%,27%,,,,,,,,
2017,MNG,Mongolia,East Asia & Pacific (excluding high income),Lower middle income,31%,84%,74%,53%,,,36%,,5%,95%,22%,,2%,4%,,,,25%,37%,,28%,25%,,34%,25%,,30%,28%,26%,,,,,,,,
2017,MOZ,Mozambique,Sub-Saharan Africa (excluding high income),Low income,5%,47%,18%,14%,,,5%,,11%,42%,18%,,8%,19%,,,,4%,6%,,33%,23%,,36%,26%,,42%,25%,33%,,,,,,,,
2011,MRT,Mauritania,Sub-Saharan Africa (excluding high income),Lower middle income,10%,14%,6%,3%,9%,7%,10%,16%,7%,24%,,4%,4%,8%,7%,7%,11%,6%,12%,15%,42%,27%,12%,25%,39%,18%,32%,33%,36%,18%,20%,17%,12%,20%,9%,,
2014,MRT,Mauritania,Sub-Saharan Africa (excluding high income),Lower middle income,9%,19%,8%,7%,6%,3%,5%,,6%,28%,5%,5%,3%,7%,7%,5%,6%,6%,13%,,30%,30%,,26%,32%,,31%,33%,28%,,,,,,,,
2017,MRT,Mauritania,Sub-Saharan Africa (excluding high income),Lower middle income,9%,18%,7%,5%,,,8%,,4%,24%,2%,,2%,4%,,,,6%,11%,,40%,21%,,20%,36%,,28%,28%,33%,,,,,,,,
2011,MUS,Mauritius,Sub-Saharan Africa (excluding high income),Upper middle income,17%,67%,52%,36%,16%,17%,17%,1%,18%,87%,,11%,13%,23%,11%,16%,20%,9%,23%,2%,8%,4%,1%,5%,6%,1%,6%,7%,5%,1%,2%,1%,1%,2%,0%,,
2014,MUS,Mauritius,Sub-Saharan Africa (excluding high income),Upper middle income,20%,74%,60%,46%,17%,15%,18%,,24%,89%,1%,12%,18%,24%,15%,16%,22%,10%,24%,,5%,2%,,1%,4%,,3%,5%,3%,,,,,,,,
2017,MUS,Mauritius,Sub-Saharan Africa (excluding high income),Upper middle income,13%,78%,73%,68%,,,9%,,28%,92%,6%,,23%,29%,,,,7%,14%,,16%,11%,,16%,14%,,14%,13%,15%,,,,,,,,
2011,MWI,Malawi,Sub-Saharan Africa (excluding high income),Low income,9%,25%,9%,6%,4%,3%,9%,6%,1%,20%,,2%,1%,3%,3%,3%,4%,9%,11%,8%,47%,37%,5%,46%,43%,7%,47%,45%,44%,7%,8%,7%,7%,9%,5%,,
2014,MWI,Malawi,Sub-Saharan Africa (excluding high income),Low income,8%,27%,10%,7%,10%,7%,6%,,2%,21%,3%,8%,1%,4%,10%,10%,10%,6%,7%,,49%,39%,,48%,45%,,50%,40%,51%,,,,,,,,
2017,MWI,Malawi,Sub-Saharan Africa (excluding high income),Low income,9%,25%,10%,6%,,,9%,,2%,29%,19%,,1%,2%,,,,8%,9%,,28%,17%,,29%,23%,,32%,21%,28%,,,,,,,,
2011,MYS,Malaysia,East Asia & Pacific (excluding high income),Upper middle income,17%,29%,12%,6%,10%,8%,6%,1%,18%,78%,,1%,5%,15%,2%,7%,10%,4%,17%,3%,21%,19%,2%,28%,16%,3%,19%,24%,17%,2%,2%,1%,1%,3%,1%,,
2014,MYS,Malaysia,East Asia & Pacific (excluding high income),Upper middle income,22%,44%,32%,27%,14%,12%,17%,,27%,84%,3%,9%,16%,21%,10%,15%,14%,9%,23%,,43%,32%,,49%,36%,,41%,44%,35%,,,,,,,,
2017,MYS,Malaysia,East Asia & Pacific (excluding high income),Upper middle income,14%,77%,65%,50%,,,10%,,26%,88%,8%,,17%,23%,,,,10%,13%,,18%,9%,,23%,13%,,17%,14%,16%,,,,,,,,
2011,NAC,North America,,,23%,75%,70%,54%,20%,17%,20%,,75%,95%,,11%,60%,65%,16%,18%,18%,10%,24%,,21%,9%,,48%,11%,,17%,27%,11%,,,,,,,,
2014,NAC,North America,,,23%,79%,76%,45%,17%,15%,21%,,74%,98%,,12%,60%,63%,2%,15%,15%,0%,27%,,21%,17%,,40%,16%,,19%,30%,13%,,,,,,,,
2017,NAC,North America,,,32%,83%,79%,60%,,,29%,,81%,99%,,,67%,69%,,,,19%,33%,,16%,12%,,36%,12%,,15%,22%,10%,,,,,,,,
2014,NAM,Namibia,Sub-Saharan Africa (excluding high income),Upper middle income,9%,65%,41%,30%,8%,8%,6%,,12%,70%,6%,5%,6%,13%,5%,8%,8%,3%,8%,,34%,25%,,36%,27%,,36%,25%,33%,,,,,,,,
2017,NAM,Namibia,Sub-Saharan Africa (excluding high income),Upper middle income,12%,75%,62%,48%,,,9%,,18%,83%,39%,,13%,16%,,,,8%,11%,,51%,40%,,57%,44%,,52%,45%,50%,,,,,,,,
2011,NER,Niger,Sub-Saharan Africa (excluding high income),Low income,2%,7%,1%,0%,3%,3%,1%,15%,1%,2%,,3%,0%,3%,3%,4%,4%,1%,2%,12%,43%,42%,12%,41%,44%,16%,43%,45%,42%,15%,16%,17%,12%,14%,16%,,
2014,NER,Niger,Sub-Saharan Africa (excluding high income),Low income,1%,4%,0%,0%,4%,1%,1%,,1%,4%,4%,3%,1%,5%,3%,3%,4%,1%,2%,,63%,40%,,55%,56%,,47%,47%,62%,,,,,,,,
2017,NER,Niger,Sub-Saharan Africa (excluding high income),Low income,3%,17%,3%,2%,,,3%,,2%,12%,7%,,2%,2%,,,,3%,3%,,40%,34%,,32%,41%,,41%,34%,40%,,,,,,,,
2011,NGA,Nigeria,Sub-Saharan Africa (excluding high income),Lower middle income,2%,31%,14%,4%,11%,10%,2%,3%,1%,40%,,10%,1%,1%,11%,11%,12%,1%,2%,3%,49%,32%,1%,37%,48%,3%,42%,44%,44%,3%,3%,2%,2%,2%,3%,,
2014,NGA,Nigeria,Sub-Saharan Africa (excluding high income),Lower middle income,5%,48%,31%,18%,3%,5%,5%,,4%,54%,2%,6%,2%,3%,4%,4%,5%,6%,6%,,42%,29%,,28%,42%,,33%,38%,37%,,,,,,,,
2017,NGA,Nigeria,Sub-Saharan Africa (excluding high income),Lower middle income,5%,50%,26%,10%,,,3%,,4%,49%,3%,,2%,5%,,,,2%,5%,,31%,21%,,32%,27%,,30%,26%,30%,,,,,,,,
2011,NIC,Nicaragua,Latin America & Caribbean (excluding high income),Lower middle income,10%,11%,4%,4%,3%,2%,8%,0%,4%,20%,,0%,1%,3%,2%,2%,2%,5%,11%,1%,6%,2%,1%,6%,4%,1%,5%,2%,6%,1%,1%,0%,0%,1%,0%,,
2014,NIC,Nicaragua,Latin America & Caribbean (excluding high income),Lower middle income,17%,16%,8%,3%,9%,10%,15%,,5%,26%,1%,5%,2%,5%,4%,9%,10%,12%,17%,,19%,13%,,20%,15%,,21%,11%,21%,,,,,,,,
2017,NIC,Nicaragua,Latin America & Caribbean (excluding high income),Lower middle income,12%,20%,19%,7%,,,10%,,7%,36%,4%,,5%,6%,,,,8%,13%,,11%,8%,,10%,10%,,11%,10%,10%,,,,,,,,
2011,NLD,Netherlands,High income,High income,10%,98%,98%,92%,3%,2%,13%,,44%,98%,,2%,40%,43%,6%,4%,3%,9%,14%,,8%,6%,,27%,5%,,6%,7%,7%,,,,,,,,
2014,NLD,Netherlands,High income,High income,14%,99%,98%,97%,2%,1%,12%,,44%,100%,,1%,34%,36%,3%,2%,2%,9%,15%,,15%,8%,,31%,10%,,13%,19%,9%,,,,,,,,
2017,NLD,Netherlands,High income,High income,13%,99%,99%,97%,,,12%,,48%,100%,,,37%,41%,,,,5%,15%,,13%,5%,,30%,7%,,10%,14%,8%,,,,,,,,
2014,NOR,Norway,High income,High income,30%,100%,98%,96%,8%,9%,28%,,72%,100%,,10%,67%,74%,9%,8%,9%,18%,35%,,14%,12%,,40%,7%,,11%,17%,10%,,,,,,,,
2017,NOR,Norway,High income,High income,35%,100%,98%,93%,,,32%,,77%,100%,,,69%,76%,,,,18%,41%,,19%,13%,,48%,12%,,16%,23%,13%,,,,,,,,
2011,NPL,Nepal,South Asia,Low income,13%,9%,2%,2%,15%,14%,11%,5%,1%,33%,,17%,0%,2%,16%,19%,15%,10%,12%,7%,32%,35%,4%,33%,33%,6%,31%,34%,33%,6%,7%,4%,5%,5%,6%,,
2014,NPL,Nepal,South Asia,Low income,12%,25%,5%,3%,28%,30%,13%,,1%,40%,0%,37%,0%,1%,32%,33%,36%,11%,15%,,38%,30%,,35%,35%,,41%,37%,34%,,,,,,,,
2017,NPL,Nepal,South Asia,Low income,13%,23%,6%,5%,,,15%,,1%,50%,,,1%,1%,,,,14%,15%,,58%,37%,,49%,54%,,46%,56%,50%,,,,,,,,
2011,NZL,New Zealand,High income,High income,29%,95%,93%,88%,22%,22%,28%,,71%,99%,,19%,61%,62%,18%,20%,23%,22%,30%,,18%,13%,,40%,12%,,16%,23%,13%,,,,,,,,
2014,NZL,New Zealand,High income,High income,34%,96%,95%,91%,15%,16%,38%,,72%,100%,,15%,64%,63%,11%,12%,16%,19%,37%,,17%,13%,,37%,11%,,15%,25%,9%,,,,,,,,
2017,NZL,New Zealand,High income,High income,30%,97%,96%,90%,,,33%,,68%,99%,,,61%,64%,,,,34%,33%,,17%,19%,,43%,12%,,16%,22%,14%,,,,,,,,
2011,OED,High income: OECD,,,16%,67%,55%,34%,12%,13%,14%,,60%,93%,,10%,48%,55%,5%,12%,14%,6%,18%,,15%,8%,,32%,8%,,13%,16%,9%,,,,,,,,
2014,OED,High income: OECD,,,19%,84%,79%,52%,13%,13%,17%,,61%,96%,,11%,49%,56%,8%,12%,14%,9%,23%,,16%,12%,,34%,12%,,14%,21%,11%,,,,,,,,
2017,OED,High income: OECD,,,22%,87%,84%,69%,,,19%,,65%,97%,,,53%,61%,,,,10%,24%,,14%,11%,,26%,11%,,13%,17%,10%,,,,,,,,
2011,OMN,Oman,High income,High income,9%,55%,53%,33%,11%,9%,9%,,30%,79%,,7%,25%,27%,11%,11%,13%,3%,12%,,36%,29%,,38%,30%,,34%,34%,32%,,,,,,,,
2011,PAK,Pakistan,South Asia,Lower middle income,2%,8%,2%,0%,11%,6%,1%,6%,1%,14%,,13%,0%,2%,14%,12%,15%,1%,2%,7%,27%,19%,3%,17%,26%,5%,17%,27%,21%,6%,8%,4%,7%,5%,6%,,
2014,PAK,Pakistan,South Asia,Lower middle income,1%,9%,2%,1%,25%,22%,2%,,0%,11%,6%,26%,0%,1%,26%,33%,33%,1%,3%,,39%,29%,,32%,35%,,28%,34%,34%,,,,,,,,
2017,PAK,Pakistan,South Asia,Lower middle income,2%,19%,6%,4%,,,2%,,1%,22%,6%,,1%,1%,,,,2%,4%,,38%,23%,,24%,31%,,27%,24%,31%,,,,,,,,
2011,PAN,Panama,Latin America & Caribbean (excluding high income),Upper middle income,10%,13%,8%,7%,4%,5%,14%,7%,14%,30%,,4%,9%,11%,3%,4%,6%,8%,12%,7%,24%,11%,7%,17%,17%,7%,17%,14%,20%,10%,8%,7%,7%,7%,8%,,
2014,PAN,Panama,Latin America & Caribbean (excluding high income),Upper middle income,14%,31%,22%,8%,4%,5%,11%,,13%,51%,1%,7%,8%,12%,7%,6%,5%,8%,13%,,26%,16%,,24%,22%,,24%,24%,21%,,,,,,,,
2017,PAN,Panama,Latin America & Caribbean (excluding high income),Upper middle income,11%,34%,25%,16%,,,8%,,10%,55%,2%,,5%,10%,,,,4%,10%,,13%,5%,,9%,11%,,12%,8%,12%,,,,,,,,
2011,PER,Peru,Latin America & Caribbean (excluding high income),Upper middle income,16%,17%,10%,2%,7%,5%,13%,0%,15%,31%,,1%,6%,13%,2%,5%,5%,8%,16%,0%,17%,10%,0%,16%,14%,1%,16%,11%,17%,1%,1%,1%,0%,1%,0%,,
2014,PER,Peru,Latin America & Caribbean (excluding high income),Upper middle income,14%,25%,16%,8%,5%,4%,10%,,16%,38%,0%,2%,4%,14%,2%,4%,5%,7%,14%,,11%,9%,,7%,12%,,11%,12%,10%,,,,,,,,
2017,PER,Peru,Latin America & Caribbean (excluding high income),Upper middle income,20%,31%,24%,10%,,,16%,,17%,53%,2%,,10%,13%,,,,6%,18%,,19%,9%,,17%,16%,,18%,13%,18%,,,,,,,,
2011,PHL,Philippines,East Asia & Pacific (excluding high income),Lower middle income,14%,17%,10%,5%,22%,25%,10%,7%,5%,38%,,33%,2%,4%,31%,30%,30%,9%,12%,7%,42%,32%,5%,33%,41%,4%,37%,42%,37%,7%,6%,4%,8%,3%,8%,,
2014,PHL,Philippines,East Asia & Pacific (excluding high income),Lower middle income,14%,25%,18%,9%,17%,15%,13%,,4%,37%,3%,16%,3%,4%,19%,16%,17%,8%,15%,,51%,44%,,42%,51%,,49%,49%,49%,,,,,,,,
2017,PHL,Philippines,East Asia & Pacific (excluding high income),Lower middle income,13%,26%,14%,8%,,,10%,,3%,41%,2%,,1%,3%,,,,6%,13%,,43%,38%,,43%,40%,,44%,39%,43%,,,,,,,,
2011,POL,Poland,High income,High income,13%,45%,34%,11%,5%,7%,10%,2%,20%,76%,,7%,14%,22%,4%,7%,9%,6%,12%,1%,16%,11%,0%,20%,12%,1%,12%,17%,11%,1%,1%,0%,0%,0%,1%,,
2014,POL,Poland,High income,High income,20%,55%,44%,25%,11%,12%,18%,,21%,82%,,13%,15%,19%,10%,15%,14%,12%,22%,,15%,8%,,15%,12%,,12%,15%,10%,,,,,,,,
2017,POL,Poland,High income,High income,23%,86%,79%,37%,,,24%,,18%,88%,,,15%,19%,,,,15%,30%,,24%,26%,,44%,22%,,25%,28%,23%,,,,,,,,
2014,PRI,Puerto Rico,High income,High income,14%,66%,55%,37%,10%,8%,12%,,35%,79%,,3%,22%,30%,3%,9%,11%,7%,14%,,10%,11%,,16%,10%,,12%,12%,10%,,,,,,,,
2011,PRT,Portugal,High income,High income,10%,80%,70%,53%,3%,3%,11%,,37%,86%,,2%,30%,41%,2%,4%,3%,7%,12%,,8%,6%,,16%,6%,,7%,8%,6%,,,,,,,,
2014,PRT,Portugal,High income,High income,11%,86%,61%,49%,9%,11%,9%,,37%,93%,,10%,24%,42%,8%,9%,11%,7%,10%,,19%,9%,,17%,16%,,15%,21%,12%,,,,,,,,
2017,PRT,Portugal,High income,High income,11%,90%,82%,72%,,,9%,,41%,96%,,,30%,41%,,,,6%,12%,,17%,12%,,25%,14%,,16%,23%,10%,,,,,,,,
2011,PRY,Paraguay,Latin America & Caribbean (excluding high income),Upper middle income,19%,17%,5%,2%,5%,6%,7%,4%,14%,32%,,2%,4%,13%,1%,4%,5%,5%,17%,3%,16%,12%,3%,10%,17%,3%,11%,23%,9%,3%,2%,2%,3%,1%,4%,,
2017,PRY,Paraguay,Latin America & Caribbean (excluding high income),Upper middle income,16%,17%,12%,13%,,,10%,,10%,37%,27%,,2%,9%,,,,11%,16%,,21%,15%,,22%,18%,,19%,23%,16%,,,,,,,,
2011,PSE,West Bank and Gaza,Middle East & North Africa (excluding high income),Lower middle income,4%,13%,13%,6%,28%,31%,5%,15%,6%,27%,,42%,3%,4%,40%,34%,37%,3%,7%,13%,46%,39%,10%,39%,43%,12%,39%,46%,39%,17%,13%,10%,10%,10%,13%,,
2014,PSE,West Bank and Gaza,Middle East & North Africa (excluding high income),Lower middle income,6%,12%,9%,7%,22%,23%,3%,,2%,30%,,30%,0%,1%,30%,26%,32%,4%,8%,,33%,21%,,22%,28%,,27%,31%,22%,,,,,,,,
2017,PSE,West Bank and Gaza,Middle East & North Africa (excluding high income),Lower middle income,7%,16%,17%,10%,,,4%,,5%,34%,,,3%,4%,,,,3%,9%,,24%,17%,,13%,24%,,20%,19%,20%,,,,,,,,
2011,QAT,Qatar,High income,High income,16%,53%,35%,18%,12%,12%,9%,,38%,75%,,14%,28%,35%,18%,14%,15%,9%,14%,,34%,23%,,39%,28%,,30%,32%,29%,,,,,,,,
2011,ROU,Romania,Europe & Central Asia (excluding high income),Upper middle income,8%,35%,21%,10%,3%,3%,7%,2%,15%,53%,,2%,8%,15%,2%,3%,3%,6%,10%,1%,18%,19%,1%,21%,18%,2%,20%,19%,18%,2%,2%,2%,0%,1%,2%,,
2014,ROU,Romania,Europe & Central Asia (excluding high income),Upper middle income,14%,58%,40%,18%,10%,9%,12%,,15%,71%,0%,8%,8%,16%,10%,11%,11%,6%,14%,,35%,27%,,31%,32%,,32%,37%,28%,,,,,,,,
2017,ROU,Romania,Europe & Central Asia (excluding high income),Upper middle income,17%,61%,44%,23%,,,15%,,16%,71%,2%,,8%,16%,,,,9%,18%,,23%,18%,,25%,20%,,21%,22%,20%,,,,,,,,
2011,RUS,Russian Federation,Europe & Central Asia (excluding high income),Upper middle income,9%,43%,34%,13%,4%,5%,7%,0%,11%,53%,,6%,9%,12%,3%,4%,6%,3%,10%,1%,26%,19%,1%,29%,22%,1%,25%,26%,22%,1%,1%,1%,1%,1%,1%,,
2014,RUS,Russian Federation,Europe & Central Asia (excluding high income),Upper middle income,10%,50%,38%,10%,8%,9%,11%,,23%,70%,,8%,20%,24%,5%,6%,11%,4%,13%,,20%,11%,,20%,16%,,17%,22%,14%,,,,,,,,
2017,RUS,Russian Federation,Europe & Central Asia (excluding high income),Upper middle income,14%,61%,54%,34%,,,14%,,20%,79%,,,20%,23%,,,,8%,19%,,28%,15%,,27%,22%,,23%,25%,21%,,,,,,,,
2011,RWA,Rwanda,Sub-Saharan Africa (excluding high income),Low income,9%,7%,5%,5%,2%,1%,9%,2%,3%,34%,,0%,3%,4%,1%,2%,1%,8%,11%,2%,31%,19%,1%,21%,31%,1%,20%,33%,25%,2%,2%,1%,2%,2%,1%,,
2014,RWA,Rwanda,Sub-Saharan Africa (excluding high income),Low income,13%,16%,4%,3%,8%,6%,8%,,2%,55%,17%,6%,1%,2%,7%,8%,8%,8%,10%,,39%,29%,,27%,41%,,29%,38%,35%,,,,,,,,
2017,RWA,Rwanda,Sub-Saharan Africa (excluding high income),Low income,10%,17%,4%,3%,,,7%,,1%,41%,30%,,1%,2%,,,,7%,8%,,45%,25%,,46%,41%,,46%,40%,45%,,,,,,,,
2011,SAS,South Asia,,,9%,18%,4%,4%,6%,7%,10%,4%,2%,38%,,10%,1%,4%,8%,9%,10%,8%,10%,4%,23%,16%,3%,16%,21%,4%,15%,21%,18%,4%,4%,4%,3%,4%,4%,,
2014,SAS,South Asia,,,7%,32%,17%,7%,9%,8%,7%,,4%,51%,2%,9%,2%,6%,10%,10%,10%,6%,8%,,38%,24%,,27%,33%,,28%,32%,31%,,,,,,,,
2017,SAS,South Asia,,,7%,44%,22%,12%,,,7%,,3%,71%,4%,,2%,3%,,,,6%,8%,,39%,23%,,27%,33%,,30%,33%,30%,,,,,,,,
2011,SAU,Saudi Arabia,High income,High income,2%,44%,45%,38%,11%,10%,2%,4%,19%,55%,,8%,17%,17%,10%,13%,12%,1%,3%,2%,26%,26%,6%,23%,28%,5%,27%,26%,26%,2%,3%,7%,3%,3%,7%,,
2014,SAU,Saudi Arabia,High income,High income,15%,64%,64%,59%,15%,15%,14%,,15%,73%,,16%,10%,13%,14%,18%,17%,9%,15%,,40%,34%,,39%,37%,,35%,42%,34%,,,,,,,,
2017,SAU,Saudi Arabia,High income,High income,12%,68%,72%,60%,,,17%,,20%,76%,,,7%,18%,,,,11%,14%,,35%,28%,,36%,33%,,34%,39%,30%,,,,,,,,
2011,SDN,Sudan,Sub-Saharan Africa (excluding high income),Lower middle income,2%,10%,3%,1%,30%,21%,2%,10%,1%,9%,,35%,0%,2%,36%,31%,33%,1%,2%,10%,54%,40%,11%,42%,49%,10%,43%,44%,50%,8%,8%,8%,7%,11%,7%,,
2014,SDN,Sudan,Sub-Saharan Africa (excluding high income),Lower middle income,5%,21%,8%,4%,1%,0%,4%,,0%,20%,,1%,0%,0%,1%,1%,1%,3%,7%,,46%,31%,,36%,39%,,43%,43%,35%,,,,,,,,
2011,SEN,Senegal,Sub-Saharan Africa (excluding high income),Low income,4%,6%,1%,1%,2%,4%,3%,5%,1%,8%,,1%,1%,2%,1%,2%,1%,3%,5%,4%,29%,23%,6%,29%,24%,4%,30%,24%,28%,3%,4%,5%,6%,5%,4%,,
2014,SEN,Senegal,Sub-Saharan Africa (excluding high income),Low income,5%,12%,6%,4%,16%,11%,3%,,2%,19%,6%,10%,1%,2%,15%,14%,21%,3%,6%,,49%,33%,,36%,44%,,39%,36%,45%,,,,,,,,
2017,SEN,Senegal,Sub-Saharan Africa (excluding high income),Low income,9%,16%,8%,7%,,,6%,,3%,24%,28%,,2%,4%,,,,5%,9%,,32%,27%,,31%,29%,,32%,31%,29%,,,,,,,,
2011,SGP,Singapore,High income,High income,,38%,,7%,,14%,,6%,,,,,,51%,10%,15%,17%,3%,15%,6%,16%,15%,3%,22%,14%,5%,17%,,,,7%,5%,4%,,,,
2014,SGP,Singapore,High income,High income,12%,93%,,73%,7%,8%,,,40%,96%,,6%,,42%,1%,9%,,4%,,,,,,4%,5%,,5%,5%,4%,,,,,,,,
2017,SGP,Singapore,High income,High income,19%,95%,100%,80%,,,0%,,65%,99%,0%,,100%,57%,,,,6%,22%,,3%,5%,,6%,3%,,3%,7%,2%,,,,,,,,
2011,SLE,Sierra Leone,Sub-Saharan Africa (excluding high income),Low income,,13%,3%,1%,,2%,6%,2%,,,,,1%,8%,1%,2%,1%,4%,8%,2%,46%,38%,1%,36%,47%,3%,40%,,,3%,3%,3%,1%,,,,
2014,SLE,Sierra Leone,Sub-Saharan Africa (excluding high income),Low income,,3%,3%,6%,,5%,4%,,,,5%,,1%,1%,2%,4%,3%,3%,5%,,49%,26%,,50%,39%,,49%,,,,,,,,,,
2017,SLE,Sierra Leone,Sub-Saharan Africa (excluding high income),Low income,6%,3%,1%,1%,,,4%,,1%,15%,8%,,1%,1%,,,,3%,5%,,31%,25%,,29%,29%,,34%,26%,31%,,,,,,,,
2011,SLV,El Salvador,Latin America & Caribbean (excluding high income),Lower middle income,4%,19%,8%,5%,2%,2%,5%,1%,7%,20%,,1%,5%,10%,1%,1%,2%,3%,6%,2%,8%,4%,1%,5%,7%,2%,9%,6%,6%,1%,2%,1%,1%,2%,0%,,
2014,SLV,El Salvador,Latin America & Caribbean (excluding high income),Lower middle income,19%,35%,19%,12%,11%,11%,17%,,12%,45%,4%,8%,7%,13%,9%,11%,13%,16%,23%,,15%,10%,,15%,11%,,16%,8%,15%,,,,,,,,
2017,SLV,El Salvador,Latin America & Caribbean (excluding high income),Lower middle income,10%,27%,15%,11%,,,9%,,8%,37%,4%,,6%,8%,,,,6%,10%,,12%,5%,,11%,9%,,11%,8%,11%,,,,,,,,
2014,SOM,Somalia,Sub-Saharan Africa (excluding high income),Low income,2%,5%,2%,2%,21%,28%,1%,,0%,11%,30%,15%,0%,2%,17%,20%,21%,2%,2%,,45%,35%,,41%,41%,,45%,39%,41%,,,,,,,,
2011,SRB,Serbia,Europe & Central Asia (excluding high income),Upper middle income,16%,50%,37%,27%,21%,22%,8%,1%,28%,71%,,14%,17%,28%,8%,18%,26%,7%,17%,3%,36%,19%,0%,23%,30%,3%,29%,34%,26%,2%,4%,2%,1%,3%,2%,,
2014,SRB,Serbia,Europe & Central Asia (excluding high income),Upper middle income,11%,61%,53%,49%,11%,13%,8%,,17%,83%,,8%,11%,17%,4%,8%,14%,5%,11%,,23%,12%,,8%,20%,,17%,20%,17%,,,,,,,,
2017,SRB,Serbia,Europe & Central Asia (excluding high income),Upper middle income,14%,72%,55%,32%,,,8%,,22%,76%,,,13%,23%,,,,6%,18%,,26%,21%,,25%,23%,,22%,28%,20%,,,,,,,,
2011,SSA,Sub-Saharan Africa (excluding high income),,,6%,27%,12%,5%,9%,9%,4%,5%,3%,29%,,8%,2%,5%,8%,9%,9%,3%,6%,5%,44%,30%,3%,36%,42%,5%,40%,40%,41%,5%,6%,4%,4%,5%,4%,,
2014,SSA,Sub-Saharan Africa (excluding high income),,,7%,34%,15%,7%,8%,8%,6%,,4%,36%,11%,7%,2%,5%,7%,7%,9%,5%,8%,,46%,33%,,37%,44%,,43%,42%,42%,,,,,,,,
2017,SSA,Sub-Saharan Africa (excluding high income),,,8%,32%,16%,8%,,,7%,,4%,39%,19%,,3%,5%,,,,6%,8%,,34%,23%,,32%,31%,,33%,30%,32%,,,,,,,,
2017,SSD,South Sudan,Sub-Saharan Africa (excluding high income),Low income,4%,9%,2%,2%,,,3%,,2%,12%,,,2%,2%,,,,3%,4%,,28%,17%,,25%,24%,,47%,16%,30%,,,,,,,,
2011,SSF,Sub-Saharan Africa,,,6%,27%,12%,5%,9%,9%,4%,,3%,29%,,8%,2%,5%,8%,9%,9%,3%,6%,,44%,30%,,36%,42%,,40%,40%,41%,,,,,,,,
2014,SSF,Sub-Saharan Africa,,,7%,34%,15%,7%,8%,8%,6%,,4%,36%,,7%,2%,5%,7%,7%,9%,5%,8%,,46%,33%,,37%,44%,,43%,42%,42%,,,,,,,,
2017,SSF,Sub-Saharan Africa,,,8%,32%,16%,8%,,,7%,,4%,39%,,,3%,5%,,,,6%,8%,,34%,23%,,32%,31%,,33%,30%,32%,,,,,,,,
2011,SVK,Slovak Republic,High income,High income,10%,77%,67%,36%,11%,15%,12%,2%,22%,84%,,17%,19%,25%,9%,13%,18%,7%,18%,2%,19%,16%,2%,24%,17%,2%,17%,25%,13%,2%,1%,2%,2%,1%,2%,,
2014,SVK,Slovak Republic,High income,High income,15%,83%,69%,17%,12%,14%,19%,,18%,82%,,12%,17%,20%,2%,11%,17%,6%,23%,,15%,11%,,16%,13%,,13%,20%,9%,,,,,,,,
2017,SVK,Slovak Republic,High income,High income,19%,84%,76%,41%,,,19%,,22%,88%,,,23%,25%,,,,2%,25%,,15%,7%,,18%,12%,,14%,16%,11%,,,,,,,,
2011,SVN,Slovenia,High income,High income,12%,94%,92%,83%,17%,17%,11%,,41%,99%,,10%,36%,42%,6%,12%,16%,8%,16%,,14%,11%,,33%,9%,,12%,15%,12%,,,,,,,,
2014,SVN,Slovenia,High income,High income,16%,94%,92%,81%,17%,18%,14%,,42%,98%,,17%,33%,41%,13%,12%,19%,8%,17%,,19%,12%,,30%,15%,,16%,20%,14%,,,,,,,,
2017,SVN,Slovenia,High income,High income,20%,96%,93%,88%,,,17%,,47%,99%,,,39%,47%,,,,7%,21%,,15%,8%,,35%,10%,,13%,11%,13%,,,,,,,,
2011,SWE,Sweden,High income,High income,25%,96%,97%,92%,16%,20%,25%,,58%,100%,,20%,54%,55%,1%,18%,22%,9%,30%,,12%,14%,,37%,10%,,13%,16%,10%,,,,,,,,
2014,SWE,Sweden,High income,High income,29%,98%,97%,93%,17%,17%,27%,,53%,100%,,14%,43%,48%,6%,19%,20%,9%,34%,,17%,18%,,46%,10%,,16%,26%,11%,,,,,,,,
2017,SWE,Sweden,High income,High income,25%,98%,99%,98%,,,21%,,52%,100%,,,46%,47%,,,,7%,28%,,13%,14%,,34%,10%,,14%,20%,10%,,,,,,,,
2011,SWZ,Swaziland,Sub-Saharan Africa (excluding high income),Lower middle income,17%,29%,20%,7%,12%,11%,11%,9%,19%,37%,,3%,13%,20%,5%,10%,13%,5%,17%,9%,56%,44%,8%,50%,51%,9%,51%,51%,50%,9%,9%,8%,8%,8%,9%,,
2011,SYR,Syrian Arab Republic,Middle East & North Africa (excluding high income),Lower middle income,14%,5%,6%,7%,27%,30%,11%,8%,2%,23%,,27%,3%,2%,25%,25%,29%,13%,14%,8%,19%,21%,7%,23%,19%,7%,20%,19%,21%,9%,8%,7%,9%,8%,8%,,
2011,TCD,Chad,Sub-Saharan Africa (excluding high income),Low income,4%,13%,4%,4%,5%,7%,5%,15%,6%,10%,,3%,3%,11%,4%,5%,5%,6%,9%,12%,34%,26%,10%,34%,29%,15%,26%,33%,30%,12%,15%,15%,10%,13%,14%,,
2014,TCD,Chad,Sub-Saharan Africa (excluding high income),Low income,2%,6%,3%,2%,5%,4%,2%,,1%,10%,6%,4%,1%,2%,5%,5%,5%,2%,3%,,28%,15%,,18%,28%,,29%,29%,21%,,,,,,,,
2017,TCD,Chad,Sub-Saharan Africa (excluding high income),Low income,2%,10%,3%,2%,,,3%,,5%,11%,15%,,3%,7%,,,,2%,4%,,32%,22%,,28%,27%,,29%,26%,29%,,,,,,,,
2011,TGO,Togo,Sub-Saharan Africa (excluding high income),Low income,5%,3%,1%,0%,2%,1%,3%,2%,1%,13%,,0%,1%,2%,1%,1%,1%,3%,4%,3%,21%,15%,1%,22%,18%,2%,21%,18%,20%,3%,3%,2%,2%,2%,2%,,
2014,TGO,Togo,Sub-Saharan Africa (excluding high income),Low income,5%,6%,2%,1%,3%,4%,4%,,1%,24%,1%,3%,0%,1%,3%,3%,4%,3%,5%,,20%,10%,,17%,17%,,22%,15%,19%,,,,,,,,
2017,TGO,Togo,Sub-Saharan Africa (excluding high income),Low income,8%,20%,14%,8%,,,7%,,4%,40%,23%,,4%,6%,,,,8%,9%,,23%,20%,,19%,24%,,26%,20%,23%,,,,,,,,
2011,THA,Thailand,East Asia & Pacific (excluding high income),Upper middle income,14%,70%,37%,30%,2%,3%,23%,1%,7%,78%,,1%,3%,12%,0%,1%,1%,22%,22%,1%,9%,4%,0%,7%,8%,1%,11%,8%,7%,1%,1%,1%,1%,1%,1%,,
2014,THA,Thailand,East Asia & Pacific (excluding high income),Upper middle income,15%,69%,50%,45%,3%,4%,16%,,8%,83%,1%,2%,4%,10%,2%,4%,3%,15%,17%,,30%,34%,,31%,31%,,31%,30%,32%,,,,,,,,
2017,THA,Thailand,East Asia & Pacific (excluding high income),Upper middle income,13%,71%,54%,50%,,,16%,,13%,84%,5%,,8%,17%,,,,19%,17%,,32%,21%,,32%,29%,,36%,29%,29%,,,,,,,,
2011,TJK,Tajikistan,Europe & Central Asia (excluding high income),Lower middle income,5%,2%,1%,0%,4%,6%,5%,2%,2%,4%,,6%,1%,2%,2%,7%,6%,3%,7%,5%,28%,22%,3%,24%,26%,4%,26%,26%,25%,4%,4%,3%,3%,5%,1%,,
2014,TJK,Tajikistan,Europe & Central Asia (excluding high income),Lower middle income,5%,5%,4%,3%,3%,4%,4%,,1%,15%,0%,7%,1%,1%,7%,4%,6%,3%,5%,,13%,11%,,10%,13%,,12%,16%,10%,,,,,,,,
2017,TJK,Tajikistan,Europe & Central Asia (excluding high income),Lower middle income,18%,17%,15%,13%,,,14%,,8%,53%,,,6%,6%,,,,15%,18%,,29%,16%,,28%,19%,,21%,19%,23%,,,,,,,,
2011,TKM,Turkmenistan,Europe & Central Asia (excluding high income),Upper middle income,1%,0%,0%,0%,18%,20%,1%,1%,0%,1%,,24%,0%,0%,21%,26%,23%,0%,1%,2%,27%,23%,1%,29%,25%,2%,27%,29%,24%,2%,2%,1%,1%,1%,2%,,
2017,TKM,Turkmenistan,Europe & Central Asia (excluding high income),Upper middle income,5%,39%,35%,8%,,,8%,,0%,41%,,,0%,0%,,,,0%,10%,,25%,14%,,17%,22%,,21%,25%,18%,,,,,,,,
2011,TTO,Trinidad and Tobago,High income,High income,,67%,64%,55%,,5%,9%,0%,,,,,16%,18%,6%,7%,7%,7%,12%,1%,15%,5%,0%,12%,11%,1%,11%,,,0%,0%,0%,0%,,,,
2017,TTO,Trinidad and Tobago,High income,High income,19%,64%,61%,52%,,,18%,,18%,83%,,,15%,19%,,,,15%,20%,,20%,19%,,27%,18%,,22%,25%,16%,,,,,,,,
2014,TUN,Tunisia,Middle East & North Africa (excluding high income),Lower middle income,10%,17%,10%,8%,10%,10%,7%,,11%,36%,0%,12%,5%,9%,12%,12%,13%,7%,9%,,21%,10%,,13%,17%,,15%,20%,13%,,,,,,,,
2017,TUN,Tunisia,Middle East & North Africa (excluding high income),Lower middle income,12%,36%,13%,8%,,,6%,,11%,47%,1%,,5%,12%,,,,4%,12%,,37%,25%,,27%,33%,,31%,37%,28%,,,,,,,,
2011,TUR,Turkey,Europe & Central Asia (excluding high income),Upper middle income,6%,64%,54%,50%,50%,52%,5%,2%,51%,65%,,32%,41%,55%,34%,60%,76%,4%,9%,3%,50%,39%,1%,42%,43%,2%,41%,43%,43%,1%,2%,1%,2%,2%,1%,,
2014,TUR,Turkey,Europe & Central Asia (excluding high income),Upper middle income,22%,49%,44%,30%,11%,9%,23%,,37%,59%,0%,14%,33%,36%,19%,13%,15%,15%,28%,,38%,22%,,29%,29%,,28%,43%,22%,,,,,,,,
2017,TUR,Turkey,Europe & Central Asia (excluding high income),Upper middle income,15%,69%,58%,51%,,,13%,,49%,76%,13%,,33%,51%,,,,7%,20%,,33%,23%,,33%,27%,,32%,29%,28%,,,,,,,,
2011,TWN,"Taiwan, China",High income,High income,11%,47%,33%,12%,15%,17%,10%,,53%,90%,,10%,39%,58%,4%,14%,19%,5%,14%,,6%,8%,,2%,8%,,7%,10%,5%,,,,,,,,
2014,TWN,"Taiwan, China",High income,High income,16%,83%,67%,33%,11%,11%,15%,,62%,94%,,7%,51%,65%,4%,9%,13%,9%,17%,,8%,12%,,11%,10%,,8%,14%,7%,,,,,,,,
2017,TWN,"Taiwan, China",High income,High income,5%,88%,65%,38%,,,2%,,62%,96%,,,42%,67%,,,,2%,6%,,9%,7%,,6%,9%,,8%,12%,6%,,,,,,,,
2011,TZA,Tanzania,Sub-Saharan Africa (excluding high income),Low income,9%,29%,9%,5%,7%,10%,6%,5%,5%,23%,,6%,3%,7%,5%,7%,7%,3%,9%,5%,49%,39%,2%,38%,51%,7%,42%,50%,44%,6%,8%,7%,4%,5%,8%,,
2014,TZA,Tanzania,Sub-Saharan Africa (excluding high income),Low income,8%,35%,9%,6%,1%,1%,6%,,0%,25%,28%,1%,0%,1%,0%,1%,1%,5%,8%,,43%,30%,,37%,41%,,46%,41%,39%,,,,,,,,
2017,TZA,Tanzania,Sub-Saharan Africa (excluding high income),Low income,7%,28%,12%,9%,,,5%,,1%,26%,38%,,1%,1%,,,,5%,7%,,30%,22%,,26%,28%,,37%,28%,27%,,,,,,,,
2011,UGA,Uganda,Sub-Saharan Africa (excluding high income),Low income,11%,16%,10%,4%,9%,8%,9%,2%,2%,27%,,10%,2%,3%,11%,9%,12%,8%,12%,2%,52%,35%,0%,45%,48%,2%,46%,45%,48%,2%,3%,2%,1%,2%,2%,,
2014,UGA,Uganda,Sub-Saharan Africa (excluding high income),Low income,18%,31%,17%,10%,16%,16%,15%,,2%,36%,34%,13%,1%,2%,14%,17%,18%,14%,17%,,74%,55%,,69%,70%,,73%,69%,70%,,,,,,,,
2017,UGA,Uganda,Sub-Saharan Africa (excluding high income),Low income,17%,26%,16%,10%,,,13%,,4%,39%,50%,,2%,3%,,,,11%,15%,,51%,33%,,48%,45%,,51%,43%,49%,,,,,,,,
2011,UKR,Ukraine,Europe & Central Asia (excluding high income),Lower middle income,10%,38%,29%,10%,5%,6%,9%,0%,23%,49%,,6%,17%,22%,2%,7%,7%,1%,11%,2%,41%,30%,0%,44%,36%,1%,40%,41%,35%,1%,1%,1%,1%,1%,1%,,
2014,UKR,Ukraine,Europe & Central Asia (excluding high income),Lower middle income,8%,46%,37%,10%,10%,10%,8%,,28%,59%,,10%,25%,32%,9%,13%,13%,4%,11%,,26%,15%,,21%,22%,,22%,22%,22%,,,,,,,,
2017,UKR,Ukraine,Europe & Central Asia (excluding high income),Lower middle income,14%,54%,42%,21%,,,9%,,32%,69%,,,24%,30%,,,,2%,14%,,33%,27%,,33%,31%,,31%,32%,30%,,,,,,,,
2011,UMC,Upper middle income,,,9%,51%,34%,29%,6%,8%,8%,2%,16%,67%,,5%,7%,21%,4%,6%,6%,8%,10%,2%,26%,19%,1%,25%,24%,1%,23%,27%,22%,1%,2%,1%,1%,1%,2%,,
2014,UMC,Upper middle income,,,13%,58%,43%,37%,7%,9%,10%,,23%,76%,1%,5%,12%,28%,4%,6%,6%,8%,12%,,26%,20%,,26%,24%,,24%,27%,23%,,,,,,,,
2017,UMC,Upper middle income,,,11%,69%,57%,48%,,,10%,,26%,80%,2%,,17%,28%,,,,8%,12%,,28%,22%,,23%,27%,,23%,32%,22%,,,,,,,,
2011,URY,Uruguay,High income,High income,16%,25%,14%,7%,7%,7%,14%,1%,35%,33%,,5%,21%,35%,6%,6%,7%,15%,18%,0%,9%,4%,1%,6%,7%,1%,9%,6%,7%,1%,1%,1%,0%,1%,0%,,
2014,URY,Uruguay,High income,High income,22%,45%,35%,24%,19%,17%,22%,,50%,53%,2%,13%,32%,47%,17%,18%,20%,20%,23%,,10%,5%,,12%,7%,,7%,9%,7%,,,,,,,,
2017,URY,Uruguay,High income,High income,22%,61%,45%,44%,,,20%,,52%,74%,,,27%,45%,,,,16%,21%,,15%,7%,,23%,10%,,14%,15%,11%,,,,,,,,
2011,USA,United States,High income,High income,23%,73%,68%,42%,21%,17%,20%,,74%,94%,,12%,59%,64%,20%,18%,19%,12%,24%,,21%,9%,,48%,11%,,18%,27%,10%,,,,,,,,
2014,USA,United States,High income,High income,23%,78%,74%,29%,17%,15%,20%,,73%,97%,,11%,59%,61%,0%,15%,15%,0%,26%,,21%,17%,,40%,16%,,20%,31%,13%,,,,,,,,
2017,USA,United States,High income,High income,33%,81%,77%,58%,,,29%,,80%,98%,,,66%,67%,,,,21%,33%,,17%,12%,,35%,12%,,16%,23%,10%,,,,,,,,
2011,UZB,Uzbekistan,Europe & Central Asia (excluding high income),Lower middle income,2%,26%,21%,9%,1%,0%,1%,1%,3%,25%,,1%,3%,5%,2%,1%,1%,0%,2%,1%,13%,8%,0%,8%,13%,1%,11%,16%,9%,1%,1%,0%,0%,0%,1%,,
2014,UZB,Uzbekistan,Europe & Central Asia (excluding high income),Lower middle income,2%,30%,26%,14%,4%,6%,1%,,1%,44%,,6%,1%,2%,2%,6%,6%,0%,2%,,13%,8%,,5%,14%,,14%,14%,9%,,,,,,,,
2017,UZB,Uzbekistan,Europe & Central Asia (excluding high income),Lower middle income,3%,30%,22%,10%,,,2%,,1%,42%,,,1%,1%,,,,0%,3%,,14%,11%,,11%,13%,,13%,14%,12%,,,,,,,,
2011,VEN,"Venezuela, RB",Latin America & Caribbean (excluding high income),Upper middle income,2%,39%,34%,17%,2%,1%,1%,0%,14%,53%,,0%,8%,12%,0%,2%,1%,1%,2%,2%,10%,10%,0%,12%,9%,1%,10%,10%,10%,1%,2%,0%,0%,2%,0%,,
2014,VEN,"Venezuela, RB",Latin America & Caribbean (excluding high income),Upper middle income,3%,58%,50%,27%,5%,4%,2%,,29%,63%,2%,1%,18%,27%,2%,3%,5%,1%,3%,,20%,9%,,17%,15%,,16%,16%,16%,,,,,,,,
2017,VEN,"Venezuela, RB",Latin America & Caribbean (excluding high income),Upper middle income,9%,73%,64%,42%,,,8%,,37%,82%,9%,,28%,35%,,,,3%,9%,,19%,14%,,26%,15%,,20%,15%,19%,,,,,,,,
2011,VNM,Vietnam,East Asia & Pacific (excluding high income),Lower middle income,16%,22%,12%,3%,13%,12%,21%,11%,1%,28%,,14%,1%,2%,14%,13%,16%,19%,20%,11%,33%,27%,6%,36%,30%,12%,33%,30%,32%,10%,12%,10%,6%,10%,11%,,
2014,VNM,Vietnam,East Asia & Pacific (excluding high income),Lower middle income,17%,36%,23%,10%,1%,2%,21%,,3%,39%,0%,2%,1%,2%,1%,2%,2%,25%,22%,,33%,25%,,37%,28%,,31%,33%,28%,,,,,,,,
2017,VNM,Vietnam,East Asia & Pacific (excluding high income),Lower middle income,19%,38%,22%,10%,,,24%,,6%,37%,2%,,4%,6%,,,,26%,24%,,32%,23%,,32%,29%,,30%,30%,29%,,,,,,,,
2011,WLD,World,,,10%,47%,23%,17%,8%,9%,9%,,18%,57%,,8%,9%,27%,7%,9%,9%,7%,11%,,26%,18%,,25%,22%,,21%,25%,22%,,,,,,,,
2014,WLD,World,,,12%,56%,35%,23%,9%,10%,10%,,22%,66%,2%,8%,12%,28%,6%,8%,9%,7%,13%,,29%,22%,,29%,26%,,24%,29%,25%,,,,,,,,
2017,WLD,World,,,12%,62%,42%,29%,,,10%,,23%,72%,4%,,14%,28%,,,,7%,13%,,29%,21%,,26%,26%,,23%,29%,24%,,,,,,,,
2011,XKX,Kosovo,Europe & Central Asia (excluding high income),Lower middle income,7%,40%,25%,13%,3%,4%,5%,2%,10%,54%,,4%,7%,11%,3%,4%,5%,5%,8%,1%,19%,15%,1%,16%,17%,2%,16%,22%,14%,1%,1%,2%,0%,1%,1%,,
2014,XKX,Kosovo,Europe & Central Asia (excluding high income),Lower middle income,9%,49%,31%,23%,7%,11%,11%,,16%,53%,,14%,14%,21%,9%,12%,15%,7%,14%,,24%,10%,,15%,17%,,19%,20%,15%,,,,,,,,
2017,XKX,Kosovo,Europe & Central Asia (excluding high income),Lower middle income,13%,54%,36%,24%,,,10%,,14%,58%,,,9%,17%,,,,6%,16%,,25%,26%,,29%,24%,,26%,32%,21%,,,,,,,,
2011,YEM,"Yemen, Rep.",Middle East & North Africa (excluding high income),Lower middle income,1%,7%,2%,1%,28%,30%,1%,5%,0%,5%,,39%,0%,1%,33%,47%,44%,0%,1%,6%,53%,40%,4%,41%,48%,5%,44%,52%,42%,6%,6%,4%,4%,4%,6%,,
2014,YEM,"Yemen, Rep.",Middle East & North Africa (excluding high income),Lower middle income,1%,6%,2%,0%,36%,33%,0%,,1%,8%,,37%,0%,1%,38%,44%,44%,0%,1%,,57%,48%,,51%,52%,,48%,55%,49%,,,,,,,,
2011,ZAF,South Africa,Sub-Saharan Africa (excluding high income),Upper middle income,12%,50%,41%,35%,14%,14%,7%,3%,12%,63%,,6%,5%,11%,4%,12%,16%,4%,14%,4%,39%,27%,2%,31%,36%,3%,35%,30%,37%,2%,4%,2%,2%,3%,3%,,
2014,ZAF,South Africa,Sub-Saharan Africa (excluding high income),Upper middle income,18%,60%,51%,42%,25%,22%,10%,,18%,78%,14%,13%,12%,16%,16%,18%,25%,4%,16%,,74%,68%,,73%,71%,,70%,71%,71%,,,,,,,,
2017,ZAF,South Africa,Sub-Saharan Africa (excluding high income),Upper middle income,11%,37%,34%,23%,,,9%,,10%,72%,19%,,9%,10%,,,,5%,11%,,40%,33%,,39%,37%,,39%,37%,38%,,,,,,,,
2011,ZMB,Zambia,Sub-Saharan Africa (excluding high income),Lower middle income,9%,26%,16%,4%,7%,9%,7%,1%,5%,30%,,6%,4%,6%,5%,6%,7%,4%,9%,1%,48%,30%,0%,37%,44%,1%,42%,49%,37%,1%,1%,1%,0%,1%,0%,,
2014,ZMB,Zambia,Sub-Saharan Africa (excluding high income),Lower middle income,7%,33%,18%,6%,6%,7%,4%,,2%,41%,11%,5%,2%,3%,4%,5%,7%,3%,6%,,58%,43%,,53%,53%,,53%,51%,55%,,,,,,,,
2017,ZMB,Zambia,Sub-Saharan Africa (excluding high income),Lower middle income,12%,31%,16%,8%,,,9%,,6%,45%,26%,,2%,7%,,,,5%,10%,,36%,21%,,32%,31%,,41%,26%,34%,,,,,,,,
2011,ZWE,Zimbabwe,Sub-Saharan Africa (excluding high income),Low income,6%,,29%,,13%,,5%,,8%,50%,,10%,8%,,,13%,16%,,7%,4%,62%,49%,0%,55%,59%,5%,,54%,60%,4%,5%,3%,1%,3%,3%,,
2014,ZWE,Zimbabwe,Sub-Saharan Africa (excluding high income),Low income,5%,18%,11%,8%,6%,5%,3%,,2%,24%,19%,5%,1%,2%,7%,5%,7%,3%,5%,,60%,49%,,52%,57%,,56%,52%,58%,,,,,,,,
2017,ZWE,Zimbabwe,Sub-Saharan Africa (excluding high income),Low income,6%,27%,16%,13%,,,2%,,2%,38%,43%,,1%,2%,,,,1%,4%,,41%,30%,,36%,39%,,39%,38%,38%,,,,,,,,
